url_vecchio,tipo,titolo,data_pubblicazione,esito_oggi,dove_atterra_oggi
https://www.elbrenz.eu/2013/05/plurilingue-e-transfrontaliero-workshop-euregio-su-capitale-della-cultura-2019/cultura_stencil/,allegato,,,200,/archivio-storico
https://www.elbrenz.eu/2013/09/1774-il-regolamento-scolastico-generale-maria-teresa-daustria/felbiger/,allegato,,,200,/archivio-storico
https://www.elbrenz.eu/2013/09/beato-carlo-dasburgo/asburgo-1-png/,allegato,,,200,/archivio-storico
https://www.elbrenz.eu/2013/09/beato-carlo-dasburgo/gebetsliga/,allegato,,,200,/archivio-storico
https://www.elbrenz.eu/2013/09/lanzerotti-la-rete-ferroviaria-il-trentino-le-alpi-orientali/locandina_osar_lanzerotti/,allegato,,,200,/archivio-storico
https://www.elbrenz.eu/2013/09/le-donne-internate-italia-la-grande-guerra-esperienze-scritture-memorie/10-03-09-01-visco-campo-di-concentramento/,allegato,,,200,/archivio-storico
https://www.elbrenz.eu/2013/09/le-donne-internate-italia-la-grande-guerra-esperienze-scritture-memorie/campo-di-c-2/,allegato,,,200,/archivio-storico
https://www.elbrenz.eu/2013/09/le-donne-internate-italia-la-grande-guerra-esperienze-scritture-memorie/campo-di-c/,allegato,,,200,/archivio-storico
https://www.elbrenz.eu/2013/09/le-donne-internate-italia-la-grande-guerra-esperienze-scritture-memorie/le-donne-internate-in-italia-durante-la-grande-guerra/,allegato,,,200,/archivio-storico
https://www.elbrenz.eu/2013/09/leconomia-delle-province-autonome-trento-bolzano/logo_euregio/,allegato,,,200,/archivio-storico
https://www.elbrenz.eu/2013/09/suns-2013/testata_scritte-1323159795/,allegato,,,200,/archivio-storico
https://www.elbrenz.eu/2013/12/natale-2013-buone-feste-tutti/mercatini-natale-austria-3/,allegato,,,200,/archivio-storico
https://www.elbrenz.eu/2013/12/natale-2013-buone-feste-tutti/mercatino-di-natale-di-cimego-1383234407798/,allegato,,,200,/archivio-storico
https://www.elbrenz.eu/2014/07/1-concorso-poetico-musicale-os-dal-nos/articolo-sergio-zanella-os-dal-nos/,allegato,,,200,/archivio-storico
https://www.elbrenz.eu/2014/07/1-concorso-poetico-musicale-os-dal-nos/concorso-os-dal-nos/,allegato,,,200,/archivio-storico
https://www.elbrenz.eu/2014/07/1-concorso-poetico-musicale-os-dal-nos/le-parti-1/,allegato,,,200,/archivio-storico
https://www.elbrenz.eu/2014/07/1-concorso-poetico-musicale-os-dal-nos/le-parti-di-ricambio-36/,allegato,,,200,/archivio-storico
https://www.elbrenz.eu/2014/07/1-concorso-poetico-musicale-os-dal-nos/le-parti-di-ricambio-logo/,allegato,,,200,/archivio-storico
https://www.elbrenz.eu/2014/07/1-concorso-poetico-musicale-os-dal-nos/trento_-_il_logo_della_regione_trentino-alto_adige-_-_2012_-_imagefull/,allegato,,,200,/archivio-storico
https://www.elbrenz.eu/2014/08/1-concorso-os-dal-nos-risultato-strepitoso/dalri/,allegato,,,200,/archivio-storico
https://www.elbrenz.eu/2014/08/1-concorso-os-dal-nos-risultato-strepitoso/felix/,allegato,,,200,/archivio-storico
https://www.elbrenz.eu/2014/08/1-concorso-os-dal-nos-risultato-strepitoso/foto-21/,allegato,,,200,/archivio-storico
https://www.elbrenz.eu/2014/08/1-concorso-os-dal-nos-risultato-strepitoso/giordano/,allegato,,,200,/archivio-storico
https://www.elbrenz.eu/2014/08/1-concorso-os-dal-nos-risultato-strepitoso/img_3404-1-jpg/,allegato,,,200,/archivio-storico
https://www.elbrenz.eu/2014/08/1-concorso-os-dal-nos-risultato-strepitoso/img_3404-jpg/,allegato,,,200,/archivio-storico
https://www.elbrenz.eu/2014/08/1-concorso-os-dal-nos-risultato-strepitoso/os-dal-nos/,allegato,,,200,/archivio-storico
https://www.elbrenz.eu/2014/08/1-concorso-os-dal-nos-risultato-strepitoso/sflantugem/,allegato,,,200,/archivio-storico
https://www.elbrenz.eu/2014/08/1-concorso-os-dal-nos-risultato-strepitoso/silvia-albasini/,allegato,,,200,/archivio-storico
https://www.elbrenz.eu/2014/08/1-concorso-os-dal-nos-risultato-strepitoso/tananai-2/,allegato,,,200,/archivio-storico
https://www.elbrenz.eu/2014/11/buon-viaggio-amico/diego/,allegato,,,200,/archivio-storico
https://www.elbrenz.eu/2014/11/buon-viaggio-amico/moltrer-300x300/,allegato,,,200,/archivio-storico
https://www.elbrenz.eu/2015/02/si-ricomincia-con-le-poesie-dei-primi-mesi-dellanno/giornifreddi/,allegato,,,200,/archivio-storico
https://www.elbrenz.eu/2015/02/si-ricomincia-con-le-poesie-dei-primi-mesi-dellanno/poesia-di-febbraio-simone-dapra/,allegato,,,200,/archivio-storico
https://www.elbrenz.eu/2015/06/2-edizione-del-concorso-musicale-e-poetico-os-dal-nos/locandina_osdalnos2015-2/,allegato,,,200,/archivio-storico
https://www.elbrenz.eu/2015/06/2-edizione-del-concorso-musicale-e-poetico-os-dal-nos/os-dal-nos-2/,allegato,,,200,/archivio-storico
https://www.elbrenz.eu/2015/11/presentazione-di-fioi-dal-nos-ladinita-nonesa-e-solandra-cultura-e-lingua/articolo-lara-zavatteri/,allegato,,,200,/archivio-storico
https://www.elbrenz.eu/2015/11/presentazione-di-fioi-dal-nos-ladinita-nonesa-e-solandra-cultura-e-lingua/b140bbb998492a77e8ecea6a1ead88a1/,allegato,,,200,/archivio-storico
https://www.elbrenz.eu/2015/11/presentazione-di-fioi-dal-nos-ladinita-nonesa-e-solandra-cultura-e-lingua/copertina-fioi-dal-nos/,allegato,,,200,/archivio-storico
https://www.elbrenz.eu/2015/11/presentazione-di-fioi-dal-nos-ladinita-nonesa-e-solandra-cultura-e-lingua/foto-evento/,allegato,,,200,/archivio-storico
https://www.elbrenz.eu/2015/11/presentazione-di-fioi-dal-nos-ladinita-nonesa-e-solandra-cultura-e-lingua/img_6390/,allegato,,,200,/archivio-storico
https://www.elbrenz.eu/2015/11/presentazione-di-fioi-dal-nos-ladinita-nonesa-e-solandra-cultura-e-lingua/img_6391/,allegato,,,200,/archivio-storico
https://www.elbrenz.eu/2015/11/presentazione-di-fioi-dal-nos-ladinita-nonesa-e-solandra-cultura-e-lingua/invito-per-newsletter/,allegato,,,200,/archivio-storico
https://www.elbrenz.eu/2017/04/4-edizione-del-concorso-poetico-musicale-os-dal-nos/locandina2/,allegato,,,200,/archivio-storico
https://www.elbrenz.eu/2017/04/archeologia-numismatica-val-sole-nuova-pubblicazione-del-centro-studi-la-val-sole/archeologia-e-numismatica/,allegato,,,200,/archivio-storico
https://www.elbrenz.eu/2017/04/buon-compleanno-maria-teresa-revo-casa-campia-12-maggio-2017/maria-teresa/,allegato,,,200,/archivio-storico
https://www.elbrenz.eu/2017/04/el-brenz-etno-festival-delletnografia-del-trentino-v-edizione/16festivaletnografia2017newa/,allegato,,,200,/archivio-storico
https://www.elbrenz.eu/2017/04/el-brenz-etno-festival-delletnografia-del-trentino-v-edizione/etnodepliant/,allegato,,,200,/archivio-storico
https://www.elbrenz.eu/2017/04/el-brenz-etno-festival-delletnografia-del-trentino-v-edizione/etnodepliantweb/,allegato,,,200,/archivio-storico
https://www.elbrenz.eu/2017/08/os-dal-nos-2017-edizione-epica/bob-thomas/,allegato,,,200,/archivio-storico
https://www.elbrenz.eu/2017/08/os-dal-nos-2017-edizione-epica/con-le-piccole/,allegato,,,200,/archivio-storico
https://www.elbrenz.eu/2017/08/os-dal-nos-2017-edizione-epica/dolores-keller/,allegato,,,200,/archivio-storico
https://www.elbrenz.eu/2017/08/os-dal-nos-2017-edizione-epica/el-cola/,allegato,,,200,/archivio-storico
https://www.elbrenz.eu/2017/08/os-dal-nos-2017-edizione-epica/ernesto-paternoster/,allegato,,,200,/archivio-storico
https://www.elbrenz.eu/2017/08/os-dal-nos-2017-edizione-epica/ettore/,allegato,,,200,/archivio-storico
https://www.elbrenz.eu/2017/08/os-dal-nos-2017-edizione-epica/fausto-ceschi/,allegato,,,200,/archivio-storico
https://www.elbrenz.eu/2017/08/os-dal-nos-2017-edizione-epica/felix-3/,allegato,,,200,/archivio-storico
https://www.elbrenz.eu/2017/08/os-dal-nos-2017-edizione-epica/felix-bob-e-thomas/,allegato,,,200,/archivio-storico
https://www.elbrenz.eu/2017/08/os-dal-nos-2017-edizione-epica/giordano-cova/,allegato,,,200,/archivio-storico
https://www.elbrenz.eu/2017/08/os-dal-nos-2017-edizione-epica/pol-3/,allegato,,,200,/archivio-storico
https://www.elbrenz.eu/2017/08/os-dal-nos-2017-edizione-epica/pol-4/,allegato,,,200,/archivio-storico
https://www.elbrenz.eu/2017/08/os-dal-nos-2017-edizione-epica/pol-5/,allegato,,,200,/archivio-storico
https://www.elbrenz.eu/2017/08/os-dal-nos-2017-edizione-epica/pol-bertagnolli/,allegato,,,200,/archivio-storico
https://www.elbrenz.eu/2017/08/os-dal-nos-2017-edizione-epica/pol/,allegato,,,200,/archivio-storico
https://www.elbrenz.eu/2017/11/os-dal-brenz-riviviamo-lemozione/os-dal-brenz-2017/,allegato,,,200,/archivio-storico
https://www.elbrenz.eu/2018/03/fioi-dal-nos-denno-val-non/copertina-fioi-dal-nos-2/,allegato,,,200,/archivio-storico
https://www.elbrenz.eu/2018/03/fioi-dal-nos-denno-val-non/paolo-antonioni-2/,allegato,,,200,/archivio-storico
https://www.elbrenz.eu/2018/06/os-dal-nos-2018-5-edizione/immagine-2/,allegato,,,200,/archivio-storico
https://www.elbrenz.eu/2018/06/os-dal-nos-2018-5-edizione/immagine/,allegato,,,200,/archivio-storico
https://www.elbrenz.eu/2018/07/siete-pronti-meno-7-giorni-al-grande-evento-os-dal-nos-2018/are-you-ready-we-are/,allegato,,,200,/archivio-storico
https://www.elbrenz.eu/2018/08/os-dal-nos-2018-pura-magia/axmk0767/,allegato,,,200,/archivio-storico
https://www.elbrenz.eu/2018/08/os-dal-nos-2018-pura-magia/dzis8940/,allegato,,,200,/archivio-storico
https://www.elbrenz.eu/2018/08/os-dal-nos-2018-pura-magia/eerk3716/,allegato,,,200,/archivio-storico
https://www.elbrenz.eu/2018/08/os-dal-nos-2018-pura-magia/hwea3034/,allegato,,,200,/archivio-storico
https://www.elbrenz.eu/2018/11/lunari-dal-nos-2019-imminente-uscita/lunari-da-nos-copertina/,allegato,,,200,/archivio-storico
https://www.elbrenz.eu/2018/11/lunari-dal-nos-2019-imminente-uscita/lunari-dal-nos-ultima-pagina/,allegato,,,200,/archivio-storico
https://www.elbrenz.eu/download/3091/,allegato,,,404,
https://www.elbrenz.eu/2013/04/27/,archivio-data,,2013-04,200,/archivio-storico
https://www.elbrenz.eu/2013/05/03/,archivio-data,,2013-05,200,/archivio-storico
https://www.elbrenz.eu/2013/05/05/,archivio-data,,2013-05,200,/archivio-storico
https://www.elbrenz.eu/2013/05/06/,archivio-data,,2013-05,200,/archivio-storico
https://www.elbrenz.eu/2013/05/08/,archivio-data,,2013-05,200,/archivio-storico
https://www.elbrenz.eu/2013/05/12/,archivio-data,,2013-05,200,/archivio-storico
https://www.elbrenz.eu/2013/05/14/,archivio-data,,2013-05,200,/archivio-storico
https://www.elbrenz.eu/2013/05/20/,archivio-data,,2013-05,200,/archivio-storico
https://www.elbrenz.eu/2013/05/22/,archivio-data,,2013-05,200,/archivio-storico
https://www.elbrenz.eu/2013/05/24/,archivio-data,,2013-05,200,/archivio-storico
https://www.elbrenz.eu/2013/05/25/,archivio-data,,2013-05,200,/archivio-storico
https://www.elbrenz.eu/2013/05/29/,archivio-data,,2013-05,200,/archivio-storico
https://www.elbrenz.eu/2013/05/30/,archivio-data,,2013-05,200,/archivio-storico
https://www.elbrenz.eu/2013/06/02/,archivio-data,,2013-06,200,/archivio-storico
https://www.elbrenz.eu/2013/06/03/,archivio-data,,2013-06,200,/archivio-storico
https://www.elbrenz.eu/2013/06/05/,archivio-data,,2013-06,200,/archivio-storico
https://www.elbrenz.eu/2013/06/06/,archivio-data,,2013-06,200,/archivio-storico
https://www.elbrenz.eu/2013/06/07/,archivio-data,,2013-06,200,/archivio-storico
https://www.elbrenz.eu/2013/06/12/,archivio-data,,2013-06,200,/archivio-storico
https://www.elbrenz.eu/2013/06/17/,archivio-data,,2013-06,200,/archivio-storico
https://www.elbrenz.eu/2013/06/18/,archivio-data,,2013-06,200,/archivio-storico
https://www.elbrenz.eu/2013/06/21/,archivio-data,,2013-06,200,/archivio-storico
https://www.elbrenz.eu/2013/06/28/,archivio-data,,2013-06,200,/archivio-storico
https://www.elbrenz.eu/2013/06/30/,archivio-data,,2013-06,200,/archivio-storico
https://www.elbrenz.eu/2013/07/18/,archivio-data,,2013-07,200,/archivio-storico
https://www.elbrenz.eu/2013/08/30/,archivio-data,,2013-08,200,/archivio-storico
https://www.elbrenz.eu/2013/09/02/,archivio-data,,2013-09,200,/archivio-storico
https://www.elbrenz.eu/2013/09/03/,archivio-data,,2013-09,200,/archivio-storico
https://www.elbrenz.eu/2013/09/04/,archivio-data,,2013-09,200,/archivio-storico
https://www.elbrenz.eu/2013/09/06/,archivio-data,,2013-09,200,/archivio-storico
https://www.elbrenz.eu/2013/09/09/,archivio-data,,2013-09,200,/archivio-storico
https://www.elbrenz.eu/2013/09/10/,archivio-data,,2013-09,200,/archivio-storico
https://www.elbrenz.eu/2013/09/12/,archivio-data,,2013-09,200,/archivio-storico
https://www.elbrenz.eu/2013/09/17/,archivio-data,,2013-09,200,/archivio-storico
https://www.elbrenz.eu/2013/09/18/,archivio-data,,2013-09,200,/archivio-storico
https://www.elbrenz.eu/2013/09/19/,archivio-data,,2013-09,200,/archivio-storico
https://www.elbrenz.eu/2013/09/22/,archivio-data,,2013-09,200,/archivio-storico
https://www.elbrenz.eu/2013/09/23/,archivio-data,,2013-09,200,/archivio-storico
https://www.elbrenz.eu/2013/09/27/,archivio-data,,2013-09,200,/archivio-storico
https://www.elbrenz.eu/2013/09/28/,archivio-data,,2013-09,200,/archivio-storico
https://www.elbrenz.eu/2013/10/07/,archivio-data,,2013-10,200,/archivio-storico
https://www.elbrenz.eu/2013/10/16/,archivio-data,,2013-10,200,/archivio-storico
https://www.elbrenz.eu/2013/12/22/,archivio-data,,2013-12,200,/archivio-storico
https://www.elbrenz.eu/2014/03/07/,archivio-data,,2014-03,200,/archivio-storico
https://www.elbrenz.eu/2014/03/15/,archivio-data,,2014-03,200,/archivio-storico
https://www.elbrenz.eu/2014/03/29/,archivio-data,,2014-03,200,/archivio-storico
https://www.elbrenz.eu/2014/08/13/,archivio-data,,2014-08,200,/archivio-storico
https://www.elbrenz.eu/2014/11/17/,archivio-data,,2014-11,200,/archivio-storico
https://www.elbrenz.eu/2015/06/14/,archivio-data,,2015-06,200,/archivio-storico
https://www.elbrenz.eu/2015/08/07/,archivio-data,,2015-08,200,/archivio-storico
https://www.elbrenz.eu/2015/08/08/,archivio-data,,2015-08,200,/archivio-storico
https://www.elbrenz.eu/2015/11/09/,archivio-data,,2015-11,200,/archivio-storico
https://www.elbrenz.eu/2017/04/15/,archivio-data,,2017-04,200,/archivio-storico
https://www.elbrenz.eu/2017/04/24/,archivio-data,,2017-04,200,/archivio-storico
https://www.elbrenz.eu/2017/08/06/,archivio-data,,2017-08,200,/archivio-storico
https://www.elbrenz.eu/2017/08/13/,archivio-data,,2017-08,200,/archivio-storico
https://www.elbrenz.eu/2017/11/09/,archivio-data,,2017-11,200,/archivio-storico
https://www.elbrenz.eu/2018/03/13/,archivio-data,,2018-03,200,/archivio-storico
https://www.elbrenz.eu/2018/06/11/,archivio-data,,2018-06,200,/archivio-storico
https://www.elbrenz.eu/2018/07/29/,archivio-data,,2018-07,200,/archivio-storico
https://www.elbrenz.eu/2018/08/09/,archivio-data,,2018-08,200,/archivio-storico
https://www.elbrenz.eu/2018/09/23/,archivio-data,,2018-09,200,/archivio-storico
https://www.elbrenz.eu/2019/05/01/,archivio-data,,2019-05,200,/archivio-storico
https://www.elbrenz.eu/2019/11/25/,archivio-data,,2019-11,200,/archivio-storico
https://www.elbrenz.eu/2021/11/,archivio-data,,,200,/archivio-storico
https://www.elbrenz.eu/2021/11/10/,archivio-data,,2021-11,200,/archivio-storico
https://www.elbrenz.eu/2021/12/,archivio-data,,,200,/archivio-storico
https://www.elbrenz.eu/2021/12/09/,archivio-data,,2021-12,200,/archivio-storico
https://www.elbrenz.eu/2021/12/13/,archivio-data,,2021-12,200,/archivio-storico
https://www.elbrenz.eu/2022/11/,archivio-data,,,200,/archivio-storico
https://www.elbrenz.eu/2022/11/18/,archivio-data,,2022-11,200,/archivio-storico
https://www.elbrenz.eu/2024/12/,archivio-data,,,200,/archivio-storico
https://www.elbrenz.eu/2024/12/31/,archivio-data,,2024-12,200,/archivio-storico
https://www.elbrenz.eu/2025/02/,archivio-data,,,200,/archivio-storico
https://www.elbrenz.eu/2025/02/13/,archivio-data,,2025-02,200,/archivio-storico
https://www.elbrenz.eu/2025/08/,archivio-data,,,200,/archivio-storico
https://www.elbrenz.eu/2025/08/14/,archivio-data,,2025-08,200,/archivio-storico
https://www.elbrenz.eu/2025/08/16/,archivio-data,,2025-08,200,/archivio-storico
https://www.elbrenz.eu/2025/08/23/,archivio-data,,2025-08,200,/archivio-storico
https://www.elbrenz.eu/2025/10/,archivio-data,,,200,/archivio-storico
https://www.elbrenz.eu/2025/10/05/,archivio-data,,2025-10,200,/archivio-storico
https://www.elbrenz.eu/2025/12/,archivio-data,,,200,/archivio-storico
https://www.elbrenz.eu/2025/12/21/,archivio-data,,2025-12,200,/archivio-storico
https://www.elbrenz.eu/2025/12/24/,archivio-data,,2025-12,200,/archivio-storico
https://www.elbrenz.eu/2026/01/,archivio-data,,,200,/archivio-storico
https://www.elbrenz.eu/2013/04/avanti-tutta/,articolo,Avanti tutta!!!!!!!!,2013-04-27,200,/articoli/avanti-tutta
https://www.elbrenz.eu/2013/05/24-maggio-1915-il-baule-della-memoria/,articolo,“24 maggio 1915 : il baule della memoria “,2013-05-24,200,/articoli/24-maggio-1915-il-baule-della-memoria
https://www.elbrenz.eu/2013/05/303/,articolo,Insegnamento nell'Euroregione,2013-05-03,200,/articoli/303
https://www.elbrenz.eu/2013/05/535/,articolo,Conferenza stampa di presentazione dell’Associazione OSAR,2013-05-12,200,/articoli/535
https://www.elbrenz.eu/2013/05/concorso-fotografico-e-stage-il-bosco-luomo-la-biodiversita-convivenze-e-conoscenze-tras-parenti/,articolo,"Concorso fotografico: il bosco, l'uomo, la biodiversità",2013-05-20,200,/articoli/concorso-fotografico-e-stage-il-bosco-luomo-la-biodiversita-convivenze-e-conoscenze-tras-parenti
https://www.elbrenz.eu/2013/05/esn-euregio-meeting-dal-16-al-19-maggio-2013/,articolo,"ESN Euregio Meeting, 16-19 maggio 2013",2013-05-08,200,/articoli/esn-euregio-meeting-dal-16-al-19-maggio-2013
https://www.elbrenz.eu/2013/05/euregio-economia-agricoltura-e-turismo/,articolo,"Euregio: economia, agricoltura e turismo",2013-05-22,200,/articoli/euregio-economia-agricoltura-e-turismo
https://www.elbrenz.eu/2013/05/euregio-energia-ambiente-e-risorse-naturali/,articolo,"Euregio: energia, ambiente e risorse naturali",2013-05-22,200,/articoli/euregio-energia-ambiente-e-risorse-naturali
https://www.elbrenz.eu/2013/05/euregio-news-dalleuropa/,articolo,Euregio: news dall'Europa,2013-05-22,200,/articoli/euregio-news-dalleuropa
https://www.elbrenz.eu/2013/05/euregio-summer-camp-2013/,articolo,Euregio Summer Camp 2013,2013-05-03,200,/articoli/euregio-summer-camp-2013
https://www.elbrenz.eu/2013/05/europa/,articolo,Europa,2013-05-20,200,/articoli/europa
https://www.elbrenz.eu/2013/05/giovani-ricercatori-cercansi-lanciata-nuova-edizione-del-concorso/,articolo,Giovani ricercatori cercansi: nuova edizione del concorso,2013-05-05,200,/articoli/giovani-ricercatori-cercansi-lanciata-nuova-edizione-del-concorso
https://www.elbrenz.eu/2013/05/gita-a-innsbruck/,articolo,Gita a Innsbruck,2013-05-06,200,/articoli/gita-a-innsbruck
https://www.elbrenz.eu/2013/05/grande-esempio-di-collaborazione-ed-amicizia/,articolo,Inaugurazione del Monumento Commemorativo agli Standschützen,2013-05-25,200,/articoli/grande-esempio-di-collaborazione-ed-amicizia
https://www.elbrenz.eu/2013/05/i-raduno-multiepocale-gruppi-storici-in-trentino/,articolo,Primo raduno multiepocale dei gruppi storici in Trentino,2013-05-12,200,/articoli/i-raduno-multiepocale-gruppi-storici-in-trentino
https://www.elbrenz.eu/2013/05/i-suoni-delle-dolomiti-in-cammino-verso-la-musica-sulle-montagne-del-trentino/,articolo,I Suoni delle Dolomiti - In cammino verso la musica sulle montagne del Trentino,2013-05-30,200,/articoli/i-suoni-delle-dolomiti-in-cammino-verso-la-musica-sulle-montagne-del-trentino
https://www.elbrenz.eu/2013/05/incontro-dibattito-e-cena-dellalleanza-dei-cuochi/,articolo,Incontro dibattito e Cena dell'Alleanza dei Cuochi.,2013-05-24,200,/articoli/incontro-dibattito-e-cena-dellalleanza-dei-cuochi
https://www.elbrenz.eu/2013/05/libera-circolazione-dei-lavoratori/,articolo,La libera circolazione dei lavoratori,2013-05-29,200,/articoli/libera-circolazione-dei-lavoratori
https://www.elbrenz.eu/2013/05/plurilingue-e-transfrontaliero-workshop-euregio-su-capitale-della-cultura-2019/,articolo,Workshop Euregio sulla Capitale della cultura 2019,2013-05-05,200,/articoli/plurilingue-e-transfrontaliero-workshop-euregio-su-capitale-della-cultura-2019
https://www.elbrenz.eu/2013/05/progetti-culturali-euregio/,articolo,Euregio: progetti culturali,2013-05-14,200,/articoli/progetti-culturali-euregio
https://www.elbrenz.eu/2013/05/pubblicato-il-dizionario-rabies-talian/,articolo,Pubblicato il Dizionario Rabies-Talian,2013-05-24,200,/articoli/pubblicato-il-dizionario-rabies-talian
https://www.elbrenz.eu/2013/05/ritorno-al-padre-presentazione-del-libro-di-loretta-zanella/,articolo,RITORNO AL PADRE - Presentazione del Libro di Loretta Zanella,2013-05-29,200,/articoli/ritorno-al-padre-presentazione-del-libro-di-loretta-zanella
https://www.elbrenz.eu/2013/05/sui-fronti-di-galizia-centenario-della-grande-guerra/,articolo,Sui Fronti di Galizia - Centenario della Grande Guerra,2013-05-03,200,/articoli/sui-fronti-di-galizia-centenario-della-grande-guerra
https://www.elbrenz.eu/2013/05/uploadsounds-2013-musica-senza-confini/,articolo,UploadSounds 2013: musica senza confini,2013-05-03,200,/articoli/uploadsounds-2013-musica-senza-confini
https://www.elbrenz.eu/2013/06/arcadia-musica-e-sapori-22-e-23-giugno-2013/,articolo,ARCADIA - Musica e sapori - 22 e 23 giugno 2013,2013-06-03,200,/articoli/arcadia-musica-e-sapori-22-e-23-giugno-2013
https://www.elbrenz.eu/2013/06/castel-tirolo-luogo-del-mese/,articolo,Luogo del mese: Castel Tirolo,2013-06-02,200,/articoli/castel-tirolo-luogo-del-mese
https://www.elbrenz.eu/2013/06/cavalcata-oswald-von-wolkenstein-ritt-2013/,articolo,Cavalcata Oswald von Wolkenstein - Ritt 2013,2013-06-12,200,/articoli/cavalcata-oswald-von-wolkenstein-ritt-2013
https://www.elbrenz.eu/2013/06/concorso-di-poesia-nuove-parole-comune-di-vermiglio/,articolo,Concorso di poesia “Nuove parole” – Comune di Vermiglio,2013-06-17,200,/articoli/concorso-di-poesia-nuove-parole-comune-di-vermiglio
https://www.elbrenz.eu/2013/06/euregio-news/,articolo,Euregio: news,2013-06-02,200,/articoli/euregio-news
https://www.elbrenz.eu/2013/06/euregio-primo-festival-giovanile-di-tutte-le-cinque-vallate-ladine/,articolo,Euregio: PRIMO FESTIVAL GIOVANILE DI TUTTE LE CINQUE VALLATE LADINE,2013-06-21,200,/articoli/euregio-primo-festival-giovanile-di-tutte-le-cinque-vallate-ladine
https://www.elbrenz.eu/2013/06/i-fuochi-del-sacro-cuore-una-tradizione-secolare/,articolo,"I fuochi del Sacro Cuore, una tradizione secolare",2013-06-06,200,/articoli/i-fuochi-del-sacro-cuore-una-tradizione-secolare
https://www.elbrenz.eu/2013/06/la-regione-di-pilsen-si-presenta-al-castello-del-buonconsiglio/,articolo,La regione di Pilsen al Castello del Buonconsiglio,2013-06-05,200,/articoli/la-regione-di-pilsen-si-presenta-al-castello-del-buonconsiglio
https://www.elbrenz.eu/2013/06/le-lacrime-delle-dolomiti-di-sesto/,articolo,"\""Le Lacrime delle Dolomiti di Sesto\""",2013-06-05,200,/articoli/le-lacrime-delle-dolomiti-di-sesto
https://www.elbrenz.eu/2013/06/le-reliquie-di-san-romedio-saranno-esposte-al-pubblico/,articolo,Le reliquie di San Romedio saranno esposte al pubblico,2013-06-30,200,/articoli/le-reliquie-di-san-romedio-saranno-esposte-al-pubblico
https://www.elbrenz.eu/2013/06/luogo-del-mese-abbazia-di-stams/,articolo,Luogo del mese: l'abbazia di Stams,2013-06-12,200,/articoli/luogo-del-mese-abbazia-di-stams
https://www.elbrenz.eu/2013/06/passeggiata-tra-i-sapori-dalta-quota-val-di-rabbi/,articolo,PASSEGGIATA TRA I SAPORI D'ALTA QUOTA - Val di Rabbi,2013-06-30,200,/articoli/passeggiata-tra-i-sapori-dalta-quota-val-di-rabbi
https://www.elbrenz.eu/2013/06/presentazione-del-dizionari-rabies-talian/,articolo,"Presentazione del \""Dizionari Rabies-Talian\""",2013-06-18,200,/articoli/presentazione-del-dizionari-rabies-talian
https://www.elbrenz.eu/2013/06/question-de-cuer-apertif-ladin-a-bulsan/,articolo,"\""Question de cuer\"" - Apertif Ladin a Bulsan",2013-06-07,200,/articoli/question-de-cuer-apertif-ladin-a-bulsan
https://www.elbrenz.eu/2013/06/termine-delle-iscrizioni-al-premio-giovani-ricercatori-delleuregio-2013-esteso-fino-al-15-giugno-2013/,articolo,Premio Giovani Ricercatori Euregio 2013: proroga iscrizioni,2013-06-06,200,/articoli/termine-delle-iscrizioni-al-premio-giovani-ricercatori-delleuregio-2013-esteso-fino-al-15-giugno-2013
https://www.elbrenz.eu/2013/06/viviamo-lacqua/,articolo,Viviamo l'acqua,2013-06-28,200,/articoli/viviamo-lacqua
https://www.elbrenz.eu/2013/07/la-nosa-storia-n-piaza/,articolo,La Nòsa Storia 'n Piaza,2013-07-18,200,/articoli/la-nosa-storia-n-piaza
https://www.elbrenz.eu/2013/08/bentornati/,articolo,Bentornati!,2013-08-30,200,/articoli/bentornati
https://www.elbrenz.eu/2013/09/1774-il-regolamento-scolastico-generale-maria-teresa-daustria/,articolo,"1774 - Il \""Regolamento Scolastico Generale\"" di Maria Teresa d'Austria",2013-09-28,200,/articoli/1774-il-regolamento-scolastico-generale-maria-teresa-daustria
https://www.elbrenz.eu/2013/09/aeroplani-nemici-trento-la-mostra-torre-vanga/,articolo,"\""Aeroplani nemici sono su Trento\"": mostra a Torre Vanga",2013-09-04,200,/articoli/aeroplani-nemici-trento-la-mostra-torre-vanga
https://www.elbrenz.eu/2013/09/beato-carlo-dasburgo/,articolo,Beato Carlo d'Asburgo,2013-09-09,200,/articoli/beato-carlo-dasburgo
https://www.elbrenz.eu/2013/09/concorso-nazionale-poesia-le-lingue-minoritarie/,articolo,Concorso nazionale di poesia per le lingue minoritarie,2013-09-18,200,/articoli/concorso-nazionale-poesia-le-lingue-minoritarie
https://www.elbrenz.eu/2013/09/esperienza-scambio-docenti-trentino-tirolo-s-201314/,articolo,Esperienza di Scambio Docenti Trentino -Tirolo a. s. 2013/14,2013-09-12,200,/articoli/esperienza-scambio-docenti-trentino-tirolo-s-201314
https://www.elbrenz.eu/2013/09/euregio-luogo-del-mese/,articolo,Euregio - Luogo del Mese: Malga Jagdhaus,2013-09-06,200,/articoli/euregio-luogo-del-mese
https://www.elbrenz.eu/2013/09/euregio-prosegue-lexport-talenti-musicali-uploadsounds/,articolo,Euregio: talenti musicali in viaggio con UploadSounds,2013-09-10,200,/articoli/euregio-prosegue-lexport-talenti-musicali-uploadsounds
https://www.elbrenz.eu/2013/09/european-cooperation-day-2013/,articolo,European Cooperation Day 2013,2013-09-12,200,/articoli/european-cooperation-day-2013
https://www.elbrenz.eu/2013/09/festaval-sole-2013/,articolo,FestaVal di Sole 2013,2013-09-19,200,/articoli/festaval-sole-2013
https://www.elbrenz.eu/2013/09/giornata-dellautonomia-il-5-settembre/,articolo,"\""Giornata dell'Autonomia\"": il 5 Settembre",2013-09-03,200,/articoli/giornata-dellautonomia-il-5-settembre
https://www.elbrenz.eu/2013/09/giornata-europea-delle-lingue-2013/,articolo,Giornata Europea delle Lingue 2013,2013-09-03,200,/articoli/giornata-europea-delle-lingue-2013
https://www.elbrenz.eu/2013/09/lanzerotti-la-rete-ferroviaria-il-trentino-le-alpi-orientali/,articolo,Lanzerotti e la rete ferroviaria per il Trentino,2013-09-17,200,/articoli/lanzerotti-la-rete-ferroviaria-il-trentino-le-alpi-orientali
https://www.elbrenz.eu/2013/09/le-donne-internate-italia-la-grande-guerra-esperienze-scritture-memorie/,articolo,"Le donne internate in Italia durante la Grande Guerra - Esperienze, scritture e memorie",2013-09-23,200,/articoli/le-donne-internate-italia-la-grande-guerra-esperienze-scritture-memorie
https://www.elbrenz.eu/2013/09/leconomia-delle-province-autonome-trento-bolzano/,articolo,L'economia delle province autonome di Trento e Bolzano,2013-09-02,200,/articoli/leconomia-delle-province-autonome-trento-bolzano
https://www.elbrenz.eu/2013/09/mostra-conoscere-vicino-realta-vecchia-piu-secolo/,articolo,Una mostra per conoscere una realtà vecchia di un secolo,2013-09-10,200,/articoli/mostra-conoscere-vicino-realta-vecchia-piu-secolo
https://www.elbrenz.eu/2013/09/suns-2013/,articolo,SunS 2013,2013-09-12,200,/articoli/suns-2013
https://www.elbrenz.eu/2013/10/museo-regionale-tirolese-ferdinandeum/,articolo,Il museo regionale tirolese Ferdinandeum,2013-10-16,200,/articoli/museo-regionale-tirolese-ferdinandeum
https://www.elbrenz.eu/2013/10/suns-2013-2/,articolo,SunS 2013,2013-10-07,200,/articoli/suns-2013-2
https://www.elbrenz.eu/2013/12/natale-2013-buone-feste-tutti/,articolo,Natale 2013 - Buone Feste a tutti!!!!!!,2013-12-22,200,/articoli/natale-2013-buone-feste-tutti
https://www.elbrenz.eu/2014/01/assemblea-annuale-el-brenz/,articolo,"Assemblea Annuale dei Soci dell'Associazione \""EL BRENZ\""",2014-01-16,200,/articoli/assemblea-annuale-el-brenz
https://www.elbrenz.eu/2014/03/festival-gioventu-2014/,articolo,Festival della Gioventù 2014,2014-03-29,200,/articoli/festival-gioventu-2014
https://www.elbrenz.eu/2014/03/la-carta-geografica-delleuregio-si-affianca-allatlas-tyrolensis/,articolo,La Carta geografica dell’Euregio si affianca all’Atlas Tyrolensis,2014-03-07,200,/articoli/la-carta-geografica-delleuregio-si-affianca-allatlas-tyrolensis
https://www.elbrenz.eu/2014/03/storie-emigrati-guerrieri-dalla-val-rabbi/,articolo,"\""Storie di emigrati e guerrieri dalla Val di Rabbi\""",2014-03-15,200,/articoli/storie-emigrati-guerrieri-dalla-val-rabbi
https://www.elbrenz.eu/2014/07/1-concorso-poetico-musicale-os-dal-nos/,articolo,1° Concorso Poetico e Musicale “OS DAL NOS”,2014-07-17,200,/articoli/1-concorso-poetico-musicale-os-dal-nos
https://www.elbrenz.eu/2014/08/1-concorso-os-dal-nos-risultato-strepitoso/,articolo,1° Concorso Os dal Nos - Un risultato strepitoso!!!!!!!!,2014-08-13,200,/articoli/1-concorso-os-dal-nos-risultato-strepitoso
https://www.elbrenz.eu/2014/11/buon-viaggio-amico/,articolo,Buon viaggio Amico!!!!,2014-11-17,200,/articoli/buon-viaggio-amico
https://www.elbrenz.eu/2015/02/si-ricomincia-con-le-poesie-dei-primi-mesi-dellanno/,articolo,Si ricomincia con le Poesie dei primi mesi dell'anno!,2015-02-01,200,/articoli/si-ricomincia-con-le-poesie-dei-primi-mesi-dellanno
https://www.elbrenz.eu/2015/06/2-edizione-del-concorso-musicale-e-poetico-os-dal-nos/,articolo,"2° Edizione del Concorso Musicale e Poetico \""Os dal Nos\""",2015-06-14,200,/articoli/2-edizione-del-concorso-musicale-e-poetico-os-dal-nos
https://www.elbrenz.eu/2015/08/os-dal-nos-scaletta-esibizioni/,articolo,Os dal Nos: la scaletta delle esibizioni,2015-08-08,200,/articoli/os-dal-nos-scaletta-esibizioni
https://www.elbrenz.eu/2015/11/presentazione-di-fioi-dal-nos-ladinita-nonesa-e-solandra-cultura-e-lingua/,articolo,"Presentazione di \""Fiöi dal Nos\"" - Ladinità nonesa e solandra - Cultura e Lingua",2015-11-09,200,/articoli/presentazione-di-fioi-dal-nos-ladinita-nonesa-e-solandra-cultura-e-lingua
https://www.elbrenz.eu/2016/06/3-edizione-del-concorso-poetico-musicale-os-dal-nos/,articolo,"Concorso poetico e musicale \""Os dal Nos\"": 3ª edizione",2016-06-15,200,/articoli/3-edizione-del-concorso-poetico-musicale-os-dal-nos
https://www.elbrenz.eu/2017/04/4-edizione-del-concorso-poetico-musicale-os-dal-nos/,articolo,"Concorso poetico e musicale \""Os dal Nos\"": 4ª edizione",2017-04-15,200,/articoli/4-edizione-del-concorso-poetico-musicale-os-dal-nos
https://www.elbrenz.eu/2017/04/archeologia-numismatica-val-sole-nuova-pubblicazione-del-centro-studi-la-val-sole/,articolo,Archeologia e numismatica in Val di Sole - Nuova pubblicazione del Centro Studi per la Val di Sole,2017-04-24,200,/articoli/archeologia-numismatica-val-sole-nuova-pubblicazione-del-centro-studi-la-val-sole
https://www.elbrenz.eu/2017/04/el-brenz-etno-festival-delletnografia-del-trentino-v-edizione/,articolo,"El Brenz a \""ETNO - Festival dell’etnografia del Trentino\"", V edizione",2017-04-15,200,/articoli/el-brenz-etno-festival-delletnografia-del-trentino-v-edizione
https://www.elbrenz.eu/2017/11/os-dal-brenz-riviviamo-lemozione/,articolo,Os dal Brenz!!!! Riviviamo l'emozione!!!!,2017-11-09,200,/articoli/os-dal-brenz-riviviamo-lemozione
https://www.elbrenz.eu/2018/03/fioi-dal-nos-denno-val-non/,articolo,Fioi dal Nos a Denno - Val di Non,2018-03-13,200,/articoli/fioi-dal-nos-denno-val-non
https://www.elbrenz.eu/2018/06/os-dal-nos-2018-5-edizione/,articolo,Os dal Nos 2018: 5ª edizione,2018-06-11,200,/articoli/os-dal-nos-2018-5-edizione
https://www.elbrenz.eu/2018/07/siete-pronti-meno-7-giorni-al-grande-evento-os-dal-nos-2018/,articolo,Siete Pronti??? Meno 7 giorni al grande evento... OS DAL NOS 2018,2018-07-29,200,/articoli/siete-pronti-meno-7-giorni-al-grande-evento-os-dal-nos-2018
https://www.elbrenz.eu/2019/01/fioi-dal-nos-ladinita-nonesa-e-solandra-cultura-e-lingua-on-line/,articolo,Fiöi dal Nos - Ladinità nonesa e solandra - Cultura e lingua - ON LINE,2019-01-20,200,/articoli/fioi-dal-nos-ladinita-nonesa-e-solandra-cultura-e-lingua-on-line
https://www.elbrenz.eu/2019/05/os-dal-nos-2019-iscrizioni-aperte/,articolo,Os dal Nos 2019: iscrizioni aperte,2019-05-01,200,/articoli/os-dal-nos-2019-iscrizioni-aperte
https://www.elbrenz.eu/2021/11/serate-di-presentazione-sul-tema-della-ladinita-solandra-rabiese-e-pegaese/,articolo,"Serate sulla ladinità solandra, rabiesa e pegaesa",2021-11-10,200,/articoli/serate-di-presentazione-sul-tema-della-ladinita-solandra-rabiese-e-pegaese
https://www.elbrenz.eu/2021/12/conferenza-in-diretta-el-brenz-rezia-e-union-ladin-nonesa-insieme-per-il-censimento/,articolo,"El Brenz, Rezia e Union Ladin Nonesa per il censimento",2021-12-13,200,/articoli/conferenza-in-diretta-el-brenz-rezia-e-union-ladin-nonesa-insieme-per-il-censimento
https://www.elbrenz.eu/2021/12/el-brenz-e-union-ladin-nonesa-insieme-per-le-valli-del-noce/,articolo,El Brenz e Union Ladin Nonesa insieme per le Valli del Noce,2021-12-09,200,/articoli/el-brenz-e-union-ladin-nonesa-insieme-per-le-valli-del-noce
https://www.elbrenz.eu/2021/12/speciale-censimento-linguistico-2021/,articolo,Speciale censimento linguistico 2021,2021-12-09,200,/articoli/speciale-censimento-linguistico-2021
https://www.elbrenz.eu/2022/11/lunari-dal-nos-2023-la-nosa-storia/,articolo,Lunari dal Nos 2023: la nosa storia,2022-11-18,200,/articoli/lunari-dal-nos-2023-la-nosa-storia
https://www.elbrenz.eu/2024/12/conosci-il-tuo-territorio-mettiti-alla-prova/,articolo,Conosci il tuo territorio? Mettiti alla prova,2024-12-31,200,/articoli/conosci-il-tuo-territorio-mettiti-alla-prova
https://www.elbrenz.eu/2025/02/non-e-sole-sono-due-valli-ladine-il-silenzio-della-pat/,articolo,Non e Sole sono due valli ladine - Il silenzio della PAT,2025-02-13,200,/articoli/non-e-sole-sono-due-valli-ladine-il-silenzio-della-pat
https://www.elbrenz.eu/2025/08/la-rivolta-contadina-nelle-valli-del-noce-1525-guerra-rustica-contesto-dinamiche-e-repressione/,articolo,"La Rivolta Contadina nelle Valli del Noce (1525) - Guerra Rustica: Contesto, Dinamiche e Repressione",2025-08-23,200,/articoli/la-rivolta-contadina-nelle-valli-del-noce-1525-guerra-rustica-contesto-dinamiche-e-repressione
https://www.elbrenz.eu/2025/08/presentazione-del-disegno-di-legge-n-1539-riconoscimento-del-gruppo-linguistico-ladino-retico-della-val-di-non/,articolo,Presentazione del Disegno di Legge N. 1539: Riconoscimento del Gruppo Linguistico Ladino Retico della Val di Non,2025-08-16,200,/articoli/presentazione-del-disegno-di-legge-n-1539-riconoscimento-del-gruppo-linguistico-ladino-retico-della-val-di-non
https://www.elbrenz.eu/2025/08/presentazione-del-libro-hande-auf-tirol-le-mani-sul-tirolo-di-giuseppe-matuella/,articolo,Presentazione del Libro Hände auf Tirol / Le mani sul Tirolo - di Giuseppe Matuella,2025-08-14,200,/articoli/presentazione-del-libro-hande-auf-tirol-le-mani-sul-tirolo-di-giuseppe-matuella
https://www.elbrenz.eu/2025/10/innsbruck-ci-chiama-un-viaggio-tra-storia-tirolese-e-grandi-emozioni/,articolo,Innsbruck ci chiama! Un Viaggio tra Storia Tirolese e Grandi Emozioni,2025-10-05,200,/articoli/innsbruck-ci-chiama-un-viaggio-tra-storia-tirolese-e-grandi-emozioni
https://www.elbrenz.eu/2025/12/la-certezza-del-confine-genesi-del-catasto-e-del-sistema-tavolare-nelle-valli-del-noce/,articolo,La Certezza del Confine: Genesi del Catasto e del Sistema Tavolare nelle Valli del Noce,2025-12-24,200,/articoli/la-certezza-del-confine-genesi-del-catasto-e-del-sistema-tavolare-nelle-valli-del-noce
https://www.elbrenz.eu/2025/12/un-regalo-speciale-per-il-nostro-compleanno-nasce-la-nuova-community-online-di-el-brenz/,articolo,"Un Regalo Speciale per il Nostro Compleanno: Nasce la Nuova Community Online di \""El Brenz\""",2025-12-21,200,/articoli/un-regalo-speciale-per-il-nostro-compleanno-nasce-la-nuova-community-online-di-el-brenz
https://www.elbrenz.eu/2026/01/il-caso-unico-del-reggimento-iv-28-i-figli-di-praga-in-val-di-sole/,articolo,"Il reggimento IV/28: i \""figli di Praga\"" in Val di Sole",2026-01-25,200,/articoli/il-caso-unico-del-reggimento-iv-28-i-figli-di-praga-in-val-di-sole
https://www.elbrenz.eu/author/admin-2/,autore,,,200,/
https://www.elbrenz.eu/author/admin/,autore,,,200,/
https://www.elbrenz.eu/author/anselm1x/,autore,,,200,/
https://www.elbrenz.eu/author/massimo-paternoster/,autore,,,200,/
https://www.elbrenz.eu/author/mikele/,autore,,,200,/
https://www.elbrenz.eu/category/euregio/,categoria,,,200,/archivio-storico
https://www.elbrenz.eu/category/eventi-e-manifestazioni/,categoria,,,200,/archivio-storico
https://www.elbrenz.eu/category/home/,categoria,,,200,/archivio-storico
https://www.elbrenz.eu/category/lingua-delle-valli-del-noce-ladino-anaunico/,categoria,,,200,/archivio-storico
https://www.elbrenz.eu/category/senza-categoria/,categoria,,,200,/archivio-storico
https://www.elbrenz.eu/category/storia-e-cultura/,categoria,,,200,/archivio-storico
https://www.elbrenz.eu/2013/04/avanti-tutta/feed/?withoutcomments=1,feed,,,200,/archivio-storico?withoutcomments=1
https://www.elbrenz.eu/2013/05/303/feed/?withoutcomments=1,feed,,,200,/archivio-storico?withoutcomments=1
https://www.elbrenz.eu/2013/05/535/feed/?withoutcomments=1,feed,,,200,/archivio-storico?withoutcomments=1
https://www.elbrenz.eu/2013/05/concorso-fotografico-e-stage-il-bosco-luomo-la-biodiversita-convivenze-e-conoscenze-tras-parenti/feed/?withoutcomments=1,feed,,,200,/archivio-storico?withoutcomments=1
https://www.elbrenz.eu/2013/05/euregio-economia-agricoltura-e-turismo/feed/?withoutcomments=1,feed,,,200,/archivio-storico?withoutcomments=1
https://www.elbrenz.eu/2013/05/euregio-news-dalleuropa/feed/?withoutcomments=1,feed,,,200,/archivio-storico?withoutcomments=1
https://www.elbrenz.eu/2013/05/europa/feed/?withoutcomments=1,feed,,,200,/archivio-storico?withoutcomments=1
https://www.elbrenz.eu/2013/05/giovani-ricercatori-cercansi-lanciata-nuova-edizione-del-concorso/feed/?withoutcomments=1,feed,,,200,/archivio-storico?withoutcomments=1
https://www.elbrenz.eu/2013/05/i-raduno-multiepocale-gruppi-storici-in-trentino/feed/?withoutcomments=1,feed,,,200,/archivio-storico?withoutcomments=1
https://www.elbrenz.eu/2013/05/incontro-dibattito-e-cena-dellalleanza-dei-cuochi/feed/?withoutcomments=1,feed,,,200,/archivio-storico?withoutcomments=1
https://www.elbrenz.eu/2013/05/libera-circolazione-dei-lavoratori/feed/?withoutcomments=1,feed,,,200,/archivio-storico?withoutcomments=1
https://www.elbrenz.eu/2013/05/plurilingue-e-transfrontaliero-workshop-euregio-su-capitale-della-cultura-2019/feed/?withoutcomments=1,feed,,,200,/archivio-storico?withoutcomments=1
https://www.elbrenz.eu/2013/05/progetti-culturali-euregio/feed/?withoutcomments=1,feed,,,200,/archivio-storico?withoutcomments=1
https://www.elbrenz.eu/2013/05/pubblicato-il-dizionario-rabies-talian/feed/?withoutcomments=1,feed,,,200,/archivio-storico?withoutcomments=1
https://www.elbrenz.eu/2013/05/ritorno-al-padre-presentazione-del-libro-di-loretta-zanella/feed/?withoutcomments=1,feed,,,200,/archivio-storico?withoutcomments=1
https://www.elbrenz.eu/2013/05/sui-fronti-di-galizia-centenario-della-grande-guerra/feed/?withoutcomments=1,feed,,,200,/archivio-storico?withoutcomments=1
https://www.elbrenz.eu/2013/05/uploadsounds-2013-musica-senza-confini/feed/?withoutcomments=1,feed,,,200,/archivio-storico?withoutcomments=1
https://www.elbrenz.eu/2013/06/castel-tirolo-luogo-del-mese/feed/?withoutcomments=1,feed,,,200,/archivio-storico?withoutcomments=1
https://www.elbrenz.eu/2013/06/cavalcata-oswald-von-wolkenstein-ritt-2013/feed/?withoutcomments=1,feed,,,200,/archivio-storico?withoutcomments=1
https://www.elbrenz.eu/2013/06/concorso-di-poesia-nuove-parole-comune-di-vermiglio/feed/?withoutcomments=1,feed,,,200,/archivio-storico?withoutcomments=1
https://www.elbrenz.eu/2013/06/euregio-news/feed/?withoutcomments=1,feed,,,200,/archivio-storico?withoutcomments=1
https://www.elbrenz.eu/2013/06/i-fuochi-del-sacro-cuore-una-tradizione-secolare/feed/?withoutcomments=1,feed,,,200,/archivio-storico?withoutcomments=1
https://www.elbrenz.eu/2013/06/le-lacrime-delle-dolomiti-di-sesto/feed/?withoutcomments=1,feed,,,200,/archivio-storico?withoutcomments=1
https://www.elbrenz.eu/2013/06/luogo-del-mese-abbazia-di-stams/feed/?withoutcomments=1,feed,,,200,/archivio-storico?withoutcomments=1
https://www.elbrenz.eu/2013/06/passeggiata-tra-i-sapori-dalta-quota-val-di-rabbi/feed/?withoutcomments=1,feed,,,200,/archivio-storico?withoutcomments=1
https://www.elbrenz.eu/2013/06/termine-delle-iscrizioni-al-premio-giovani-ricercatori-delleuregio-2013-esteso-fino-al-15-giugno-2013/feed/?withoutcomments=1,feed,,,200,/archivio-storico?withoutcomments=1
https://www.elbrenz.eu/2013/06/viviamo-lacqua/feed/?withoutcomments=1,feed,,,200,/archivio-storico?withoutcomments=1
https://www.elbrenz.eu/2013/07/la-nosa-storia-n-piaza/feed/?withoutcomments=1,feed,,,200,/archivio-storico?withoutcomments=1
https://www.elbrenz.eu/2013/08/bentornati/feed/?withoutcomments=1,feed,,,200,/archivio-storico?withoutcomments=1
https://www.elbrenz.eu/2013/09/1774-il-regolamento-scolastico-generale-maria-teresa-daustria/feed/?withoutcomments=1,feed,,,200,/archivio-storico?withoutcomments=1
https://www.elbrenz.eu/2013/09/1774-il-regolamento-scolastico-generale-maria-teresa-daustria/felbiger-2/feed/,feed,,,200,/archivio-storico
https://www.elbrenz.eu/2013/09/1774-il-regolamento-scolastico-generale-maria-teresa-daustria/iii_et-moderna-p232_img_158-2/feed/,feed,,,200,/archivio-storico
https://www.elbrenz.eu/2013/09/1774-il-regolamento-scolastico-generale-maria-teresa-daustria/iii_et-moderna-p232_img_159/feed/,feed,,,200,/archivio-storico
https://www.elbrenz.eu/2013/09/aeroplani-nemici-trento-la-mostra-torre-vanga/feed/?withoutcomments=1,feed,,,200,/archivio-storico?withoutcomments=1
https://www.elbrenz.eu/2013/09/esperienza-scambio-docenti-trentino-tirolo-s-201314/feed/?withoutcomments=1,feed,,,200,/archivio-storico?withoutcomments=1
https://www.elbrenz.eu/2013/09/euregio-luogo-del-mese/feed/?withoutcomments=1,feed,,,200,/archivio-storico?withoutcomments=1
https://www.elbrenz.eu/2013/09/euregio-prosegue-lexport-talenti-musicali-uploadsounds/feed/?withoutcomments=1,feed,,,200,/archivio-storico?withoutcomments=1
https://www.elbrenz.eu/2013/09/european-cooperation-day-2013/feed/?withoutcomments=1,feed,,,200,/archivio-storico?withoutcomments=1
https://www.elbrenz.eu/2013/09/expolingua-berlin/feed/,feed,,,200,/archivio-storico
https://www.elbrenz.eu/2013/09/expolingua-berlin/feed/?withoutcomments=1,feed,,,200,/archivio-storico?withoutcomments=1
https://www.elbrenz.eu/2013/09/festaval-sole-2013/feed/?withoutcomments=1,feed,,,200,/archivio-storico?withoutcomments=1
https://www.elbrenz.eu/2013/09/giornata-dellautonomia-il-5-settembre/feed/?withoutcomments=1,feed,,,200,/archivio-storico?withoutcomments=1
https://www.elbrenz.eu/2013/09/le-donne-internate-italia-la-grande-guerra-esperienze-scritture-memorie/feed/?withoutcomments=1,feed,,,200,/archivio-storico?withoutcomments=1
https://www.elbrenz.eu/2013/09/le-donne-internate-italia-la-grande-guerra-esperienze-scritture-memorie/le-donne-internate-in-italia-durante-la-grande-guerra/feed/?withoutcomments=1,feed,,,200,/archivio-storico?withoutcomments=1
https://www.elbrenz.eu/2013/09/leconomia-delle-province-autonome-trento-bolzano/feed/?withoutcomments=1,feed,,,200,/archivio-storico?withoutcomments=1
https://www.elbrenz.eu/2013/09/mostra-conoscere-vicino-realta-vecchia-piu-secolo/feed/?withoutcomments=1,feed,,,200,/archivio-storico?withoutcomments=1
https://www.elbrenz.eu/2013/09/sistema-catastale-tavolare/feed/?withoutcomments=1,feed,,,200,/archivio-storico?withoutcomments=1
https://www.elbrenz.eu/2013/09/suns-2013/feed/?withoutcomments=1,feed,,,200,/archivio-storico?withoutcomments=1
https://www.elbrenz.eu/2013/10/il-torggelen-nella-val-disarco/feed/,feed,,,200,/archivio-storico
https://www.elbrenz.eu/2013/10/suns-2013-2/feed/?withoutcomments=1,feed,,,200,/archivio-storico?withoutcomments=1
https://www.elbrenz.eu/2013/12/natale-2013-buone-feste-tutti/feed/,feed,,,200,/archivio-storico
https://www.elbrenz.eu/2013/12/natale-2013-buone-feste-tutti/feed/?withoutcomments=1,feed,,,200,/archivio-storico?withoutcomments=1
https://www.elbrenz.eu/2014/01/assemblea-annuale-el-brenz/feed/,feed,,,200,/archivio-storico
https://www.elbrenz.eu/2014/03/festival-gioventu-2014/feed/,feed,,,200,/archivio-storico
https://www.elbrenz.eu/2014/03/festival-gioventu-2014/feed/?withoutcomments=1,feed,,,200,/archivio-storico?withoutcomments=1
https://www.elbrenz.eu/2014/03/storie-emigrati-guerrieri-dalla-val-rabbi/feed/,feed,,,200,/archivio-storico
https://www.elbrenz.eu/2014/03/storie-emigrati-guerrieri-dalla-val-rabbi/feed/?withoutcomments=1,feed,,,200,/archivio-storico?withoutcomments=1
https://www.elbrenz.eu/2014/07/1-concorso-poetico-musicale-os-dal-nos/feed/?withoutcomments=1,feed,,,200,/archivio-storico?withoutcomments=1
https://www.elbrenz.eu/2014/08/1-concorso-os-dal-nos-risultato-strepitoso/feed/?withoutcomments=1,feed,,,200,/archivio-storico?withoutcomments=1
https://www.elbrenz.eu/2014/11/buon-viaggio-amico/feed/,feed,,,200,/archivio-storico
https://www.elbrenz.eu/2015/02/si-ricomincia-con-le-poesie-dei-primi-mesi-dellanno/feed/,feed,,,200,/archivio-storico
https://www.elbrenz.eu/2015/02/si-ricomincia-con-le-poesie-dei-primi-mesi-dellanno/feed/?withoutcomments=1,feed,,,200,/archivio-storico?withoutcomments=1
https://www.elbrenz.eu/2015/06/2-edizione-del-concorso-musicale-e-poetico-os-dal-nos/feed/,feed,,,200,/archivio-storico
https://www.elbrenz.eu/2015/06/2-edizione-del-concorso-musicale-e-poetico-os-dal-nos/feed/?withoutcomments=1,feed,,,200,/archivio-storico?withoutcomments=1
https://www.elbrenz.eu/2015/08/os-dal-nos-scaletta-esibizioni/feed/,feed,,,200,/archivio-storico
https://www.elbrenz.eu/2015/08/os-dal-nos-scaletta-esibizioni/feed/?withoutcomments=1,feed,,,200,/archivio-storico?withoutcomments=1
https://www.elbrenz.eu/2015/08/trailer-documentario-fioi-dal-nos/feed/?withoutcomments=1,feed,,,200,/archivio-storico?withoutcomments=1
https://www.elbrenz.eu/2016/06/3-edizione-del-concorso-poetico-musicale-os-dal-nos/feed/?withoutcomments=1,feed,,,200,/archivio-storico?withoutcomments=1
https://www.elbrenz.eu/2017/04/4-edizione-del-concorso-poetico-musicale-os-dal-nos/feed/?withoutcomments=1,feed,,,200,/archivio-storico?withoutcomments=1
https://www.elbrenz.eu/2017/04/buon-compleanno-maria-teresa-revo-casa-campia-12-maggio-2017/feed/?withoutcomments=1,feed,,,200,/archivio-storico?withoutcomments=1
https://www.elbrenz.eu/2017/04/el-brenz-etno-festival-delletnografia-del-trentino-v-edizione/feed/?withoutcomments=1,feed,,,200,/archivio-storico?withoutcomments=1
https://www.elbrenz.eu/2017/08/os-dal-nos-2017-edizione-epica/feed/?withoutcomments=1,feed,,,200,/archivio-storico?withoutcomments=1
https://www.elbrenz.eu/2017/08/os-dal-nos-2017-scaletta-esibizioni/feed/?withoutcomments=1,feed,,,200,/archivio-storico?withoutcomments=1
https://www.elbrenz.eu/2017/11/os-dal-brenz-riviviamo-lemozione/feed/?withoutcomments=1,feed,,,200,/archivio-storico?withoutcomments=1
https://www.elbrenz.eu/2018/03/fioi-dal-nos-denno-val-non/feed/?withoutcomments=1,feed,,,200,/archivio-storico?withoutcomments=1
https://www.elbrenz.eu/2018/06/os-dal-nos-2018-5-edizione/feed/?withoutcomments=1,feed,,,200,/archivio-storico?withoutcomments=1
https://www.elbrenz.eu/2018/08/os-dal-nos-2018-pura-magia/feed/?withoutcomments=1,feed,,,200,/archivio-storico?withoutcomments=1
https://www.elbrenz.eu/2018/09/after-movie-os-dal-nos-2018/feed/?withoutcomments=1,feed,,,200,/archivio-storico?withoutcomments=1
https://www.elbrenz.eu/2019/01/fioi-dal-nos-ladinita-nonesa-e-solandra-cultura-e-lingua-on-line/feed/?withoutcomments=1,feed,,,200,/archivio-storico?withoutcomments=1
https://www.elbrenz.eu/2019/05/os-dal-nos-2019-iscrizioni-aperte/feed/?withoutcomments=1,feed,,,200,/archivio-storico?withoutcomments=1
https://www.elbrenz.eu/2019/11/calendario-2020/feed/?withoutcomments=1,feed,,,200,/archivio-storico?withoutcomments=1
https://www.elbrenz.eu/2021/11/serate-di-presentazione-sul-tema-della-ladinita-solandra-rabiese-e-pegaese/feed/?withoutcomments=1,feed,,,200,/archivio-storico?withoutcomments=1
https://www.elbrenz.eu/2021/12/conferenza-in-diretta-el-brenz-rezia-e-union-ladin-nonesa-insieme-per-il-censimento/feed/?withoutcomments=1,feed,,,200,/archivio-storico?withoutcomments=1
https://www.elbrenz.eu/2021/12/el-brenz-e-union-ladin-nonesa-insieme-per-le-valli-del-noce/feed/?withoutcomments=1,feed,,,200,/archivio-storico?withoutcomments=1
https://www.elbrenz.eu/2021/12/speciale-censimento-linguistico-2021/feed/?withoutcomments=1,feed,,,200,/archivio-storico?withoutcomments=1
https://www.elbrenz.eu/2022/11/lunari-dal-nos-2023-la-nosa-storia/feed/?withoutcomments=1,feed,,,200,/archivio-storico?withoutcomments=1
https://www.elbrenz.eu/author/admin/feed/,feed,,,200,/
https://www.elbrenz.eu/category/euregio/feed/,feed,,,200,/archivio-storico
https://www.elbrenz.eu/category/home/feed/,feed,,,200,/archivio-storico
https://www.elbrenz.eu/category/lingua-delle-valli-del-noce-ladino-anaunico/feed/,feed,,,200,/archivio-storico
https://www.elbrenz.eu/category/storia-e-cultura/feed/,feed,,,200,/archivio-storico
https://www.elbrenz.eu/comments/feed/,feed,,,404,
https://www.elbrenz.eu/feed.xml,feed,,,404,
https://www.elbrenz.eu/feed/,feed,,,200,/
https://www.elbrenz.eu/feeds/all.atom.xml,feed,,,404,
https://www.elbrenz.eu/photogallery/anno-2012/presepio-el-brenz-natale-2012-male/feed/,feed,,,404,
https://www.elbrenz.eu/photogallery/anno-2013/la-nossa-storia-n-piaza-21-luglio-male/feed/,feed,,,404,
https://www.elbrenz.eu/progetti/documentario-ladinita-nonesa-e-solandra-cultura-e-lingua/feed/,feed,,,404,
https://www.elbrenz.eu/progetti/feed/,feed,,,404,
https://www.elbrenz.eu/progetti/portale-memoria/feed/,feed,,,404,
https://www.elbrenz.eu/sostenitori/feed/,feed,,,404,
https://www.elbrenz.eu/tag/regolamento-scolastico/feed/,feed,,,200,/archivio-storico
https://www.elbrenz.eu/tag/scuola-in-tirolo/feed/,feed,,,200,/archivio-storico
https://www.elbrenz.eu/tag/scuola-trentina/feed/,feed,,,200,/archivio-storico
https://www.elbrenz.eu/tag/statuto-teresiano/feed/,feed,,,200,/archivio-storico
https://www.elbrenz.eu:80/2013/09/1774-il-regolamento-scolastico-generale-maria-teresa-daustria/feed/,feed,,,non verificato,
https://www.elbrenz.eu/,home,,,200,/
https://www.elbrenz.eu/ads.txt,pagina,,,404,
https://www.elbrenz.eu/app-ads.txt,pagina,,,404,
https://www.elbrenz.eu/atom.xml,pagina,,,404,
https://www.elbrenz.eu/concorso-os-dal-nos/,pagina,,,200,/os-dal-nos/
https://www.elbrenz.eu/contatti/,pagina,,,200,/contatti/
https://www.elbrenz.eu/copertina/,pagina,,,404,
https://www.elbrenz.eu/cropped-logo-el-brenz-nuovo1-jpg/,pagina,,,404,
https://www.elbrenz.eu/glossary-2/,pagina,,,404,
https://www.elbrenz.eu/index.xml,pagina,,,404,
https://www.elbrenz.eu/lassociazione-2/,pagina,,,200,/chi-siamo/
https://www.elbrenz.eu/le-vignette-in-italiano/,pagina,,,200,/lunari-dal-nos/
https://www.elbrenz.eu/segheria-male/,pagina,,,404,
https://www.elbrenz.eu/sitemap.html,pagina,,,404,
https://www.elbrenz.eu/sitemap.rss,pagina,,,404,
https://www.elbrenz.eu/sostenitori/,pagina,,,200,/tesseramento/
https://www.elbrenz.eu/territorio-e-cultura/,pagina,,,404,
https://www.elbrenz.eu/concorso-os-dal-nos/os-dal-nos-1-edizione-2014/,pagina-annidata,,,404,
https://www.elbrenz.eu/concorso-os-dal-nos/os-dal-nos-2-edizione-2015/,pagina-annidata,,,404,
https://www.elbrenz.eu/concorso-os-dal-nos/os-dal-nos-3-edizione-2016/,pagina-annidata,,,404,
https://www.elbrenz.eu/concorso-os-dal-nos/os-dal-nos-4-edizione-2017/,pagina-annidata,,,404,
https://www.elbrenz.eu/concorso-os-dal-nos/os-dal-nos-5-edizione-2018/,pagina-annidata,,,404,
https://www.elbrenz.eu/concorso-os-dal-nos/os-dal-nos-6-edizione-2019/,pagina-annidata,,,404,
https://www.elbrenz.eu/eventi-manifestazioni-progetti-2/attivita-2011/,pagina-annidata,,,404,
https://www.elbrenz.eu/eventi-manifestazioni-progetti-2/attivita-2013/,pagina-annidata,,,404,
https://www.elbrenz.eu/eventi-manifestazioni-progetti-2/attivita-2014/,pagina-annidata,,,404,
https://www.elbrenz.eu/eventi-manifestazioni-progetti-2/eventi-manifestazioni-progetti/,pagina-annidata,,,404,
https://www.elbrenz.eu/lassociazione-2/contatti/,pagina-annidata,,,200,/contatti/
https://www.elbrenz.eu/lassociazione-2/dalle-origini-a-giorni-nostri/,pagina-annidata,,,404,
https://www.elbrenz.eu/lassociazione-2/lo-statuto/,pagina-annidata,,,200,/statuto/
https://www.elbrenz.eu/progetti/concorso-musicale-e-poetico-os-dal-nos/,pagina-annidata,,,404,
https://www.elbrenz.eu/progetti/portale-memoria/,pagina-annidata,,,200,/portale-memoria/
https://www.elbrenz.eu/sostenitori/sostenitori/,pagina-annidata,,,404,
https://www.elbrenz.eu/storia/ricerche/,pagina-annidata,,,404,
https://www.elbrenz.eu/territorio-e-cultura/castelli/val-sole/,pagina-annidata,,,404,
https://www.elbrenz.eu/territorio-e-cultura/castelli/val/,pagina-annidata,,,404,
https://www.elbrenz.eu/territorio-e-cultura/castelli/val/altaguardia/,pagina-annidata,,,404,
https://www.elbrenz.eu/territorio-e-cultura/castelli/val/castel_san_pietro/,pagina-annidata,,,404,
https://www.elbrenz.eu/territorio-e-cultura/castelli/val/castelfondo/,pagina-annidata,,,404,
https://www.elbrenz.eu/territorio-e-cultura/castelli/val/olympus-digital-camera/,pagina-annidata,,,404,
https://www.elbrenz.eu/territorio-e-cultura/malghe/,pagina-annidata,,,404,
https://www.elbrenz.eu/territorio-e-cultura/malghe/val/,pagina-annidata,,,404,
https://www.elbrenz.eu/territorio-e-cultura/musei/,pagina-annidata,,,404,
https://www.elbrenz.eu/territorio-e-cultura/musei/val-sole/ecomuseo-peio-piccolo-mondo-alpino/,pagina-annidata,,,404,
https://www.elbrenz.eu/territorio-e-cultura/musei/val-sole/il-museo-della-guerra-bianca-di-vermiglio/,pagina-annidata,,,404,
https://www.elbrenz.eu/territorio-e-cultura/musei/val-sole/la-biblioteca-del-centro-studi-a-terzolas/,pagina-annidata,,,404,
https://www.elbrenz.eu/territorio-e-cultura/musei/val-sole/molino-ruatti/,pagina-annidata,,,404,
https://www.elbrenz.eu/territorio-e-cultura/musei/val-sole/museo-della-civilta-solandra/,pagina-annidata,,,404,
https://www.elbrenz.eu/territorio-e-cultura/musei/val/,pagina-annidata,,,404,
https://www.elbrenz.eu/territorio-e-cultura/musei/val/il-museo-retico-sanzeno/,pagina-annidata,,,404,
https://www.elbrenz.eu/territorio-e-cultura/rifugi/val-sole/,pagina-annidata,,,404,
https://www.elbrenz.eu/territorio-e-cultura/rifugi/val/,pagina-annidata,,,404,
https://www.elbrenz.eu:80/2013/04/,pagina-annidata,,,non verificato,
https://www.elbrenz.eu:80/2013/05/,pagina-annidata,,,non verificato,
https://www.elbrenz.eu:80/2013/06/,pagina-annidata,,,non verificato,
https://www.elbrenz.eu:80/2013/07/,pagina-annidata,,,non verificato,
https://www.elbrenz.eu:80/2013/08/,pagina-annidata,,,non verificato,
https://www.elbrenz.eu:80/2013/09/,pagina-annidata,,,non verificato,
https://www.elbrenz.eu:80/2013/09/1774-il-regolamento-scolastico-generale-maria-teresa-daustria/felbiger-2/,pagina-annidata,,,non verificato,
https://www.elbrenz.eu:80/2013/09/1774-il-regolamento-scolastico-generale-maria-teresa-daustria/iii_et-moderna-p232_img_158-2/,pagina-annidata,,,non verificato,
https://www.elbrenz.eu:80/2013/09/1774-il-regolamento-scolastico-generale-maria-teresa-daustria/iii_et-moderna-p232_img_159/,pagina-annidata,,,non verificato,
https://www.elbrenz.eu:80/2013/09/1774-il-regolamento-scolastico-generale-maria-teresa-daustria/maria_teresa2/,pagina-annidata,,,non verificato,
https://www.elbrenz.eu:80/2013/09/expolingua-berlin/,pagina-annidata,,,non verificato,
https://www.elbrenz.eu:80/2013/09/sistema-catastale-tavolare,pagina-annidata,,,non verificato,
https://www.elbrenz.eu:80/2013/10/,pagina-annidata,,,non verificato,
https://www.elbrenz.eu:80/2013/10/il-torggelen-nella-val-disarco/,pagina-annidata,,,non verificato,
https://www.elbrenz.eu:80/2013/12/,pagina-annidata,,,non verificato,
https://www.elbrenz.eu:80/2014/01/,pagina-annidata,,,non verificato,
https://www.elbrenz.eu:80/2014/03/,pagina-annidata,,,non verificato,
https://www.elbrenz.eu:80/2014/07/,pagina-annidata,,,non verificato,
https://www.elbrenz.eu:80/2014/08/,pagina-annidata,,,non verificato,
https://www.elbrenz.eu:80/2014/11/,pagina-annidata,,,non verificato,
https://www.elbrenz.eu:80/2015/02/,pagina-annidata,,,non verificato,
https://www.elbrenz.eu:80/2015/06/,pagina-annidata,,,non verificato,
https://www.elbrenz.eu:80/2015/08/,pagina-annidata,,,non verificato,
https://www.elbrenz.eu:80/2015/08/trailer-documentario-fioi-dal-nos,pagina-annidata,,,non verificato,
https://www.elbrenz.eu:80/2015/11/,pagina-annidata,,,non verificato,
https://www.elbrenz.eu:80/2016/06/,pagina-annidata,,,non verificato,
https://www.elbrenz.eu:80/2017/04/,pagina-annidata,,,non verificato,
https://www.elbrenz.eu:80/2017/04/buon-compleanno-maria-teresa-revo-casa-campia-12-maggio-2017/,pagina-annidata,,,non verificato,
https://www.elbrenz.eu:80/2017/08/,pagina-annidata,,,non verificato,
https://www.elbrenz.eu:80/2017/08/os-dal-nos-2017-edizione-epica/,pagina-annidata,,,non verificato,
https://www.elbrenz.eu:80/2017/08/os-dal-nos-2017-scaletta-esibizioni/,pagina-annidata,,,non verificato,
https://www.elbrenz.eu:80/2017/11/,pagina-annidata,,,non verificato,
https://www.elbrenz.eu:80/2018/03/,pagina-annidata,,,non verificato,
https://www.elbrenz.eu:80/2018/06/,pagina-annidata,,,non verificato,
https://www.elbrenz.eu:80/2018/07/,pagina-annidata,,,non verificato,
https://www.elbrenz.eu:80/2018/08/,pagina-annidata,,,non verificato,
https://www.elbrenz.eu:80/2018/08/os-dal-nos-2018-pura-magia/,pagina-annidata,,,non verificato,
https://www.elbrenz.eu:80/2018/09/,pagina-annidata,,,non verificato,
https://www.elbrenz.eu:80/2018/09/after-movie-os-dal-nos-2018/,pagina-annidata,,,non verificato,
https://www.elbrenz.eu:80/2018/11/,pagina-annidata,,,non verificato,
https://www.elbrenz.eu:80/2018/11/lunari-dal-nos-2019-imminente-uscita/,pagina-annidata,,,non verificato,
https://www.elbrenz.eu:80/2019/01/,pagina-annidata,,,non verificato,
https://www.elbrenz.eu:80/2019/05/,pagina-annidata,,,non verificato,
https://www.elbrenz.eu:80/2019/11/,pagina-annidata,,,non verificato,
https://www.elbrenz.eu:80/2019/11/calendario-2020/,pagina-annidata,,,non verificato,
https://www.elbrenz.eu:80/cropped-noce-jpg/,pagina-annidata,,,non verificato,
https://www.elbrenz.eu:80/eventi-manifestazioni-progetti-2/,pagina-annidata,,,non verificato,
https://www.elbrenz.eu:80/eventi-manifestazioni-progetti-2/attivita-2012/,pagina-annidata,,,non verificato,
https://www.elbrenz.eu:80/glossary/,pagina-annidata,,,non verificato,
https://www.elbrenz.eu:80/lassociazione-2/il-direttivo,pagina-annidata,,,non verificato,
https://www.elbrenz.eu:80/photogallery/anno-2013/la-nossa-storia-n-piaza-21-luglio-male,pagina-annidata,,,non verificato,
https://www.elbrenz.eu:80/photogallery/anno-2014,pagina-annidata,,,non verificato,
https://www.elbrenz.eu:80/progetti,pagina-annidata,,,non verificato,
https://www.elbrenz.eu:80/progetti/documentario-ladinita-nonesa-e-solandra-cultura-e-lingua,pagina-annidata,,,non verificato,
https://www.elbrenz.eu:80/progetti/lunari-dal-nos/,pagina-annidata,,,non verificato,
https://www.elbrenz.eu:80/storia/,pagina-annidata,,,non verificato,
https://www.elbrenz.eu:80/storia/ricerche/commercio-del-legname-val-sole/,pagina-annidata,,,non verificato,
https://www.elbrenz.eu:80/tag/regolamento-scolastico/,pagina-annidata,,,non verificato,
https://www.elbrenz.eu:80/tag/scuola-in-tirolo/,pagina-annidata,,,non verificato,
https://www.elbrenz.eu:80/tag/scuola-trentina/,pagina-annidata,,,non verificato,
https://www.elbrenz.eu:80/tag/statuto-teresiano/,pagina-annidata,,,non verificato,
https://www.elbrenz.eu:80/territorio-e-cultura/castelli/,pagina-annidata,,,non verificato,
https://www.elbrenz.eu:80/territorio-e-cultura/malghe/val-sole,pagina-annidata,,,non verificato,
https://www.elbrenz.eu:80/territorio-e-cultura/musei/val-sole/,pagina-annidata,,,non verificato,
https://www.elbrenz.eu:80/territorio-e-cultura/rifugi/,pagina-annidata,,,non verificato,
https://www.elbrenz.eu:80/wp-admin/admin-ajax.php,pagina-annidata,,,non verificato,
https://www.elbrenz.eu:80/wp-content/themes/graphene,pagina-annidata,,,non verificato,
https://www.elbrenz.euhttp://mx.elbrenz.eu/,pagina-annidata,,,non verificato,
https://www.elbrenz.eu/author/admin-2/page/10/,paginazione,,,200,/
https://www.elbrenz.eu/author/admin-2/page/11/,paginazione,,,200,/
https://www.elbrenz.eu/author/admin-2/page/12/,paginazione,,,200,/
https://www.elbrenz.eu/author/admin-2/page/13/,paginazione,,,200,/
https://www.elbrenz.eu/author/admin-2/page/14/,paginazione,,,200,/
https://www.elbrenz.eu/author/admin-2/page/15/,paginazione,,,200,/
https://www.elbrenz.eu/author/admin-2/page/16/,paginazione,,,200,/
https://www.elbrenz.eu/author/admin-2/page/17/,paginazione,,,200,/
https://www.elbrenz.eu/author/admin-2/page/18/,paginazione,,,200,/
https://www.elbrenz.eu/author/admin-2/page/19/,paginazione,,,200,/
https://www.elbrenz.eu/author/admin-2/page/2/,paginazione,,,200,/
https://www.elbrenz.eu/author/admin-2/page/3/,paginazione,,,200,/
https://www.elbrenz.eu/author/admin-2/page/4/,paginazione,,,200,/
https://www.elbrenz.eu/author/admin-2/page/5/,paginazione,,,200,/
https://www.elbrenz.eu/author/admin-2/page/6/,paginazione,,,200,/
https://www.elbrenz.eu/author/admin-2/page/7/,paginazione,,,200,/
https://www.elbrenz.eu/author/admin-2/page/9/,paginazione,,,200,/
https://www.elbrenz.eu/author/admin/page/15/,paginazione,,,200,/
https://www.elbrenz.eu/author/admin/page/16/,paginazione,,,200,/
https://www.elbrenz.eu/author/admin/page/17/,paginazione,,,200,/
https://www.elbrenz.eu/author/admin/page/18/,paginazione,,,200,/
https://www.elbrenz.eu/author/admin/page/19/,paginazione,,,200,/
https://www.elbrenz.eu/author/admin/page/2/,paginazione,,,200,/
https://www.elbrenz.eu/author/admin/page/3/,paginazione,,,200,/
https://www.elbrenz.eu/author/admin/page/4/,paginazione,,,200,/
https://www.elbrenz.eu/author/admin/page/5/,paginazione,,,200,/
https://www.elbrenz.eu/author/admin/page/6/,paginazione,,,200,/
https://www.elbrenz.eu/author/admin/page/7/,paginazione,,,200,/
https://www.elbrenz.eu/author/admin/page/8/,paginazione,,,200,/
https://www.elbrenz.eu/author/admin/page/9/,paginazione,,,200,/
https://www.elbrenz.eu/category/euregio/page/10/,paginazione,,,200,/archivio-storico
https://www.elbrenz.eu/category/euregio/page/2/,paginazione,,,200,/archivio-storico
https://www.elbrenz.eu/category/euregio/page/3/,paginazione,,,200,/archivio-storico
https://www.elbrenz.eu/category/euregio/page/4/,paginazione,,,200,/archivio-storico
https://www.elbrenz.eu/category/euregio/page/5/,paginazione,,,200,/archivio-storico
https://www.elbrenz.eu/category/euregio/page/6/,paginazione,,,200,/archivio-storico
https://www.elbrenz.eu/category/euregio/page/7/,paginazione,,,200,/archivio-storico
https://www.elbrenz.eu/category/euregio/page/8/,paginazione,,,200,/archivio-storico
https://www.elbrenz.eu/category/euregio/page/9/,paginazione,,,200,/archivio-storico
https://www.elbrenz.eu/category/eventi-e-manifestazioni/page/10/,paginazione,,,200,/archivio-storico
https://www.elbrenz.eu/category/eventi-e-manifestazioni/page/11/,paginazione,,,200,/archivio-storico
https://www.elbrenz.eu/category/eventi-e-manifestazioni/page/2/,paginazione,,,200,/archivio-storico
https://www.elbrenz.eu/category/eventi-e-manifestazioni/page/3/,paginazione,,,200,/archivio-storico
https://www.elbrenz.eu/category/eventi-e-manifestazioni/page/4/,paginazione,,,200,/archivio-storico
https://www.elbrenz.eu/category/eventi-e-manifestazioni/page/5/,paginazione,,,200,/archivio-storico
https://www.elbrenz.eu/category/eventi-e-manifestazioni/page/6/,paginazione,,,200,/archivio-storico
https://www.elbrenz.eu/category/eventi-e-manifestazioni/page/7/,paginazione,,,200,/archivio-storico
https://www.elbrenz.eu/category/eventi-e-manifestazioni/page/8/,paginazione,,,200,/archivio-storico
https://www.elbrenz.eu/category/eventi-e-manifestazioni/page/9/,paginazione,,,200,/archivio-storico
https://www.elbrenz.eu/category/home/page/10/,paginazione,,,200,/archivio-storico
https://www.elbrenz.eu/category/home/page/16/,paginazione,,,200,/archivio-storico
https://www.elbrenz.eu/category/home/page/17/,paginazione,,,200,/archivio-storico
https://www.elbrenz.eu/category/home/page/18/,paginazione,,,200,/archivio-storico
https://www.elbrenz.eu/category/home/page/19/,paginazione,,,200,/archivio-storico
https://www.elbrenz.eu/category/home/page/2/,paginazione,,,200,/archivio-storico
https://www.elbrenz.eu/category/home/page/3/,paginazione,,,200,/archivio-storico
https://www.elbrenz.eu/category/home/page/4/,paginazione,,,200,/archivio-storico
https://www.elbrenz.eu/category/home/page/5/,paginazione,,,200,/archivio-storico
https://www.elbrenz.eu/category/home/page/6/,paginazione,,,200,/archivio-storico
https://www.elbrenz.eu/category/home/page/7/,paginazione,,,200,/archivio-storico
https://www.elbrenz.eu/category/home/page/8/,paginazione,,,200,/archivio-storico
https://www.elbrenz.eu/category/lingua-delle-valli-del-noce-ladino-anaunico/page/2/,paginazione,,,200,/archivio-storico
https://www.elbrenz.eu/category/lingua-delle-valli-del-noce-ladino-anaunico/page/3/,paginazione,,,200,/archivio-storico
https://www.elbrenz.eu/category/lingua-delle-valli-del-noce-ladino-anaunico/page/4/,paginazione,,,200,/archivio-storico
https://www.elbrenz.eu/category/lingua-delle-valli-del-noce-ladino-anaunico/page/5/,paginazione,,,200,/archivio-storico
https://www.elbrenz.eu/category/lingua-delle-valli-del-noce-ladino-anaunico/page/6/,paginazione,,,200,/archivio-storico
https://www.elbrenz.eu/category/lingua-delle-valli-del-noce-ladino-anaunico/page/7/,paginazione,,,200,/archivio-storico
https://www.elbrenz.eu/category/storia-e-cultura/page/2/,paginazione,,,200,/archivio-storico
https://www.elbrenz.eu/category/storia-e-cultura/page/3/,paginazione,,,200,/archivio-storico
https://www.elbrenz.eu/category/storia-e-cultura/page/4/,paginazione,,,200,/archivio-storico
https://www.elbrenz.eu/category/storia-e-cultura/page/5/,paginazione,,,200,/archivio-storico
https://www.elbrenz.eu/category/storia-e-cultura/page/6/,paginazione,,,200,/archivio-storico
https://www.elbrenz.eu/category/storia-e-cultura/page/7/,paginazione,,,200,/archivio-storico
https://www.elbrenz.eu/page/10/,paginazione,,,404,
https://www.elbrenz.eu/page/11/,paginazione,,,404,
https://www.elbrenz.eu/page/12/,paginazione,,,404,
https://www.elbrenz.eu/page/13/,paginazione,,,404,
https://www.elbrenz.eu/page/14/,paginazione,,,404,
https://www.elbrenz.eu/page/15/,paginazione,,,404,
https://www.elbrenz.eu/page/16/,paginazione,,,404,
https://www.elbrenz.eu/page/17/,paginazione,,,404,
https://www.elbrenz.eu/page/18/,paginazione,,,404,
https://www.elbrenz.eu/page/19/,paginazione,,,404,
https://www.elbrenz.eu/page/2/,paginazione,,,404,
https://www.elbrenz.eu/page/20/,paginazione,,,404,
https://www.elbrenz.eu/page/21/,paginazione,,,404,
https://www.elbrenz.eu/page/22/,paginazione,,,404,
https://www.elbrenz.eu/page/3/,paginazione,,,404,
https://www.elbrenz.eu/page/4/,paginazione,,,404,
https://www.elbrenz.eu/page/5/,paginazione,,,404,
https://www.elbrenz.eu/page/6/,paginazione,,,404,
https://www.elbrenz.eu/page/7/,paginazione,,,404,
https://www.elbrenz.eu/page/8/,paginazione,,,404,
https://www.elbrenz.eu/page/9/,paginazione,,,404,
https://www.elbrenz.eu:80/photogallery/anno-2013/la-nossa-storia-n-piaza-21-luglio-male/nggallery/page/2,paginazione,,,non verificato,
https://www.elbrenz.eu:80/photogallery/anno-2013/la-nossa-storia-n-piaza-21-luglio-male/nggallery/page/3,paginazione,,,non verificato,
https://www.elbrenz.eu:80/photogallery/anno-2013/la-nossa-storia-n-piaza-21-luglio-male/nggallery/page/4,paginazione,,,non verificato,
https://www.elbrenz.eu/photogallery/,photogallery,,,200,/photogallery/
https://www.elbrenz.eu/photogallery/anno-2010/,photogallery,,,200,/photogallery/
https://www.elbrenz.eu/photogallery/anno-2011/,photogallery,,,200,/photogallery/
https://www.elbrenz.eu/photogallery/anno-2012/,photogallery,,,200,/photogallery/
https://www.elbrenz.eu/photogallery/anno-2012/commemorazione-del-beato-carlo-dasburgo-9-settembre-male/,photogallery,,,200,/photogallery/
https://www.elbrenz.eu/photogallery/anno-2012/commemorazione-del-beato-carlo-dasburgo-9-settembre-male/nggallery/page/1,photogallery,,,404,
https://www.elbrenz.eu/photogallery/anno-2012/commemorazione-del-beato-carlo-dasburgo-9-settembre-male/nggallery/page/1/slideshow,photogallery,,,404,
https://www.elbrenz.eu/photogallery/anno-2012/commemorazione-del-beato-carlo-dasburgo-9-settembre-male/nggallery/page/1/thumbnails,photogallery,,,404,
https://www.elbrenz.eu/photogallery/anno-2012/commemorazione-del-beato-carlo-dasburgo-9-settembre-male/nggallery/page/2,photogallery,,,404,
https://www.elbrenz.eu/photogallery/anno-2012/commemorazione-del-beato-carlo-dasburgo-9-settembre-male/nggallery/page/2/slideshow,photogallery,,,404,
https://www.elbrenz.eu/photogallery/anno-2012/commemorazione-del-beato-carlo-dasburgo-9-settembre-male/nggallery/page/2/thumbnails,photogallery,,,404,
https://www.elbrenz.eu/photogallery/anno-2012/commemorazione-del-beato-carlo-dasburgo-9-settembre-male/nggallery/page/3,photogallery,,,404,
https://www.elbrenz.eu/photogallery/anno-2012/commemorazione-del-beato-carlo-dasburgo-9-settembre-male/nggallery/page/3/slideshow,photogallery,,,404,
https://www.elbrenz.eu/photogallery/anno-2012/commemorazione-del-beato-carlo-dasburgo-9-settembre-male/nggallery/page/3/thumbnails,photogallery,,,404,
https://www.elbrenz.eu/photogallery/anno-2012/commemorazione-del-beato-carlo-dasburgo-9-settembre-male/nggallery/page/4,photogallery,,,404,
https://www.elbrenz.eu/photogallery/anno-2012/commemorazione-del-beato-carlo-dasburgo-9-settembre-male/nggallery/page/4/slideshow,photogallery,,,404,
https://www.elbrenz.eu/photogallery/anno-2012/commemorazione-del-beato-carlo-dasburgo-9-settembre-male/nggallery/page/4/thumbnails,photogallery,,,404,
https://www.elbrenz.eu/photogallery/anno-2012/commemorazione-del-beato-carlo-dasburgo-9-settembre-male/nggallery/page/5,photogallery,,,404,
https://www.elbrenz.eu/photogallery/anno-2012/commemorazione-del-beato-carlo-dasburgo-9-settembre-male/nggallery/page/6,photogallery,,,404,
https://www.elbrenz.eu/photogallery/anno-2012/commemorazione-del-beato-carlo-dasburgo-9-settembre-male/nggallery/page/7,photogallery,,,404,
https://www.elbrenz.eu/photogallery/anno-2012/commemorazione-del-beato-carlo-dasburgo-9-settembre-male/nggallery/page/7/slideshow,photogallery,,,404,
https://www.elbrenz.eu/photogallery/anno-2012/commemorazione-del-beato-carlo-dasburgo-9-settembre-male/nggallery/page/8,photogallery,,,404,
https://www.elbrenz.eu/photogallery/anno-2012/commemorazione-del-beato-carlo-dasburgo-9-settembre-male/nggallery/page/8/slideshow,photogallery,,,404,
https://www.elbrenz.eu/photogallery/anno-2012/commemorazione-del-beato-carlo-dasburgo-9-settembre-male/nggallery/page/8/thumbnails,photogallery,,,404,
https://www.elbrenz.eu/photogallery/anno-2012/commemorazione-del-beato-carlo-dasburgo-9-settembre-male/nggallery/page/9,photogallery,,,404,
https://www.elbrenz.eu/photogallery/anno-2012/commemorazione-del-beato-carlo-dasburgo-9-settembre-male/nggallery/page/9/slideshow,photogallery,,,404,
https://www.elbrenz.eu/photogallery/anno-2012/commemorazione-del-beato-carlo-dasburgo-9-settembre-male/nggallery/page/9/thumbnails,photogallery,,,404,
https://www.elbrenz.eu/photogallery/anno-2012/commemorazione-del-beato-carlo-dasburgo-9-settembre-male/nggallery/slideshow,photogallery,,,404,
https://www.elbrenz.eu/photogallery/anno-2012/commemorazione-del-beato-carlo-dasburgo-9-settembre-male/nggallery/thumbnails,photogallery,,,404,
https://www.elbrenz.eu/photogallery/anno-2012/commemorazione-del-beato-carlo-dasburgo-9-settembre-male/nggallery/thumbnails/page/1,photogallery,,,404,
https://www.elbrenz.eu/photogallery/anno-2012/commemorazione-del-beato-carlo-dasburgo-9-settembre-male/nggallery/thumbnails/page/2,photogallery,,,404,
https://www.elbrenz.eu/photogallery/anno-2012/commemorazione-del-beato-carlo-dasburgo-9-settembre-male/nggallery/thumbnails/page/3,photogallery,,,404,
https://www.elbrenz.eu/photogallery/anno-2012/commemorazione-del-beato-carlo-dasburgo-9-settembre-male/nggallery/thumbnails/page/4,photogallery,,,404,
https://www.elbrenz.eu/photogallery/anno-2012/commemorazione-del-beato-carlo-dasburgo-9-settembre-male/nggallery/thumbnails/page/7,photogallery,,,404,
https://www.elbrenz.eu/photogallery/anno-2012/commemorazione-del-beato-carlo-dasburgo-9-settembre-male/nggallery/thumbnails/page/8,photogallery,,,404,
https://www.elbrenz.eu/photogallery/anno-2012/commemorazione-del-beato-carlo-dasburgo-9-settembre-male/nggallery/thumbnails/page/9,photogallery,,,404,
https://www.elbrenz.eu/photogallery/anno-2012/presepio-el-brenz-natale-2012-male/,photogallery,,,200,/photogallery/
https://www.elbrenz.eu/photogallery/anno-2012/presepio-el-brenz-natale-2012-male/nggallery/slideshow,photogallery,,,404,
https://www.elbrenz.eu/photogallery/anno-2012/presepio-el-brenz-natale-2012-male/nggallery/thumbnails,photogallery,,,404,
https://www.elbrenz.eu/photogallery/anno-2013/,photogallery,,,200,/photogallery/
https://www.elbrenz.eu/photogallery/anno-2013/la-nossa-storia-n-piaza-21-luglio-male/nggallery/page/1,photogallery,,,404,
https://www.elbrenz.eu/photogallery/anno-2013/la-nossa-storia-n-piaza-21-luglio-male/nggallery/page/1/slideshow,photogallery,,,404,
https://www.elbrenz.eu/photogallery/anno-2013/la-nossa-storia-n-piaza-21-luglio-male/nggallery/page/1/thumbnails,photogallery,,,404,
https://www.elbrenz.eu/photogallery/anno-2013/la-nossa-storia-n-piaza-21-luglio-male/nggallery/page/2/slideshow,photogallery,,,404,
https://www.elbrenz.eu/photogallery/anno-2013/la-nossa-storia-n-piaza-21-luglio-male/nggallery/page/2/thumbnails,photogallery,,,404,
https://www.elbrenz.eu/photogallery/anno-2013/la-nossa-storia-n-piaza-21-luglio-male/nggallery/page/3/slideshow,photogallery,,,404,
https://www.elbrenz.eu/photogallery/anno-2013/la-nossa-storia-n-piaza-21-luglio-male/nggallery/page/4/slideshow,photogallery,,,404,
https://www.elbrenz.eu/photogallery/anno-2013/la-nossa-storia-n-piaza-21-luglio-male/nggallery/slideshow,photogallery,,,404,
https://www.elbrenz.eu/photogallery/anno-2013/la-nossa-storia-n-piaza-21-luglio-male/nggallery/thumbnails,photogallery,,,404,
https://www.elbrenz.eu/photogallery/anno-2013/la-nossa-storia-n-piaza-21-luglio-male/nggallery/thumbnails/page/1,photogallery,,,404,
https://www.elbrenz.eu/photogallery/anno-2013/la-nossa-storia-n-piaza-21-luglio-male/nggallery/thumbnails/page/2,photogallery,,,404,
https://www.elbrenz.eu/photogallery/anno-2013/la-nossa-storia-n-piaza-21-luglio-male/nggallery/thumbnails/page/3,photogallery,,,404,
https://www.elbrenz.eu/photogallery/anno-2013/la-nossa-storia-n-piaza-21-luglio-male/nggallery/thumbnails/page/4,photogallery,,,404,
https://www.elbrenz.eu/2013/09/1774-il-regolamento-scolastico-generale-maria-teresa-daustria/?feed=rss2&withoutcomments=1,query,,,200,/articoli/1774-il-regolamento-scolastico-generale-maria-teresa-daustria?feed=rss2&withoutcomments=1
https://www.elbrenz.eu/2013/09/1774-il-regolamento-scolastico-generale-maria-teresa-daustria/?share=jetpack-whatsapp,query,,,200,/articoli/1774-il-regolamento-scolastico-generale-maria-teresa-daustria?share=jetpack-whatsapp
https://www.elbrenz.eu/2013/09/1774-il-regolamento-scolastico-generale-maria-teresa-daustria/?share=telegram,query,,,200,/articoli/1774-il-regolamento-scolastico-generale-maria-teresa-daustria?share=telegram
https://www.elbrenz.eu/2015/02/si-ricomincia-con-le-poesie-dei-primi-mesi-dellanno/?share=email,query,,,200,/articoli/si-ricomincia-con-le-poesie-dei-primi-mesi-dellanno?share=email
https://www.elbrenz.eu/2015/06/2-edizione-del-concorso-musicale-e-poetico-os-dal-nos/?share=email,query,,,200,/articoli/2-edizione-del-concorso-musicale-e-poetico-os-dal-nos?share=email
https://www.elbrenz.eu/2015/08/os-dal-nos-scaletta-esibizioni/?share=email,query,,,200,/articoli/os-dal-nos-scaletta-esibizioni?share=email
https://www.elbrenz.eu/2015/08/trailer-documentario-fioi-dal-nos/?share=email,query,,,200,/articoli/trailer-documentario-fioi-dal-nos?share=email
https://www.elbrenz.eu/2015/11/presentazione-di-fioi-dal-nos-ladinita-nonesa-e-solandra-cultura-e-lingua/?share=email,query,,,200,/articoli/presentazione-di-fioi-dal-nos-ladinita-nonesa-e-solandra-cultura-e-lingua?share=email
https://www.elbrenz.eu/2016/06/3-edizione-del-concorso-poetico-musicale-os-dal-nos/?share=email,query,,,200,/articoli/3-edizione-del-concorso-poetico-musicale-os-dal-nos?share=email
https://www.elbrenz.eu/2018/11/lunari-dal-nos-2019-imminente-uscita/?shared=email&msg=fail,query,,,200,/articoli/lunari-dal-nos-2019-imminente-uscita?shared=email&msg=fail
https://www.elbrenz.eu/2019/01/fioi-dal-nos-ladinita-nonesa-e-solandra-cultura-e-lingua-on-line/?shared=email&msg=fail,query,,,200,/articoli/fioi-dal-nos-ladinita-nonesa-e-solandra-cultura-e-lingua-on-line?shared=email&msg=fail
https://www.elbrenz.eu/2019/05/os-dal-nos-2019-iscrizioni-aperte/?shared=email&msg=fail,query,,,200,/articoli/os-dal-nos-2019-iscrizioni-aperte?shared=email&msg=fail
https://www.elbrenz.eu/2019/11/calendario-2020/?shared=email&msg=fail,query,,,200,/articoli/calendario-2020?shared=email&msg=fail
https://www.elbrenz.eu/2021/11/serate-di-presentazione-sul-tema-della-ladinita-solandra-rabiese-e-pegaese/?shared=email&msg=fail,query,,,200,/articoli/serate-di-presentazione-sul-tema-della-ladinita-solandra-rabiese-e-pegaese?shared=email&msg=fail
https://www.elbrenz.eu/2021/12/conferenza-in-diretta-el-brenz-rezia-e-union-ladin-nonesa-insieme-per-il-censimento/?shared=email&msg=fail,query,,,200,/articoli/conferenza-in-diretta-el-brenz-rezia-e-union-ladin-nonesa-insieme-per-il-censimento?shared=email&msg=fail
https://www.elbrenz.eu/2021/12/el-brenz-e-union-ladin-nonesa-insieme-per-le-valli-del-noce/?shared=email&msg=fail,query,,,200,/articoli/el-brenz-e-union-ladin-nonesa-insieme-per-le-valli-del-noce?shared=email&msg=fail
https://www.elbrenz.eu/2021/12/speciale-censimento-linguistico-2021/?shared=email&msg=fail,query,,,200,/articoli/speciale-censimento-linguistico-2021?shared=email&msg=fail
https://www.elbrenz.eu/?attachment_id=1300,query,,,200,/?attachment_id=1300
https://www.elbrenz.eu/?attachment_id=1301,query,,,200,/?attachment_id=1301
https://www.elbrenz.eu/?attachment_id=1310,query,,,200,/?attachment_id=1310
https://www.elbrenz.eu/?p=1290,query,,,200,/articoli/expolingua-berlin?p=1290
https://www.elbrenz.eu/?p=1294,query,,,200,/articoli/1774-il-regolamento-scolastico-generale-maria-teresa-daustria?p=1294
https://www.elbrenz.eu/?p=1355,query,,,200,/articoli/il-torggelen-nella-val-disarco?p=1355
https://www.elbrenz.eu/?p=1385,query,,,200,/articoli/natale-2013-buone-feste-tutti?p=1385
https://www.elbrenz.eu/?p=2834,query,,,200,/articoli/storie-emigrati-guerrieri-dalla-val-rabbi?p=2834
https://www.elbrenz.eu/?p=2846,query,,,200,/articoli/festival-gioventu-2014?p=2846
https://www.elbrenz.eu/?page_id=132,query,,,200,/chi-siamo/?page_id=132
https://www.elbrenz.eu/?page_id=167,query,,,200,/?page_id=167
https://www.elbrenz.eu/?page_id=18,query,,,200,/?page_id=18
https://www.elbrenz.eu/?page_id=195,query,,,200,/?page_id=195
https://www.elbrenz.eu/?page_id=21,query,,,200,/?page_id=21
https://www.elbrenz.eu/?page_id=2802,query,,,200,/?page_id=2802
https://www.elbrenz.eu/?page_id=2831,query,,,200,/?page_id=2831
https://www.elbrenz.eu/?page_id=2964,query,,,200,/?page_id=2964
https://www.elbrenz.eu/?page_id=3122,query,,,200,/?page_id=3122
https://www.elbrenz.eu/?page_id=3223,query,,,200,/?page_id=3223
https://www.elbrenz.eu/?page_id=3385,query,,,200,/?page_id=3385
https://www.elbrenz.eu/?page_id=3387,query,,,200,/?page_id=3387
https://www.elbrenz.eu/?page_id=3389,query,,,200,/?page_id=3389
https://www.elbrenz.eu/?page_id=3391,query,,,200,/?page_id=3391
https://www.elbrenz.eu/?page_id=3393,query,,,200,/?page_id=3393
https://www.elbrenz.eu/?page_id=3396,query,,,200,/?page_id=3396
https://www.elbrenz.eu/?page_id=3401,query,,,200,/?page_id=3401
https://www.elbrenz.eu/?page_id=3406,query,,,200,/?page_id=3406
https://www.elbrenz.eu/index.php?adclick=1,query,,,404,
https://www.elbrenz.eu/index.php?adclick=2,query,,,404,
https://www.elbrenz.eu/index.php?adclick=3,query,,,404,
https://www.elbrenz.eu/index.php?adclick=4,query,,,404,
https://www.elbrenz.eu:80/?s=%7Bsearch_term_string%7D,query,,,non verificato,
https://www.elbrenz.eu:80/wp-json/oembed/1.0/embed?url=http://www.elbrenz.eu/2013/09/1774-il-regolamento-scolastico-generale-maria-teresa-daustria/&format=xml,query,,,non verificato,
https://www.elbrenz.eu:80/wp-json/oembed/1.0/embed?url=http://www.elbrenz.eu/lassociazione-2/lo-statuto/&format=xml,query,,,non verificato,
https://www.elbrenz.eu:80/wp-login.php?redirect_to=http://www.elbrenz.eu/2013/09/1774-il-regolamento-scolastico-generale-maria-teresa-daustria/,query,,,non verificato,
https://www.elbrenz.eu/tag/alpi-retiche/,tag,,,200,/archivio-storico
https://www.elbrenz.eu/tag/alpi/,tag,,,200,/archivio-storico
https://www.elbrenz.eu/tag/anaunia/,tag,,,200,/archivio-storico
https://www.elbrenz.eu/tag/anaunico/,tag,,,200,/archivio-storico
https://www.elbrenz.eu/tag/censimento-2021/,tag,,,200,/archivio-storico
https://www.elbrenz.eu/tag/concorso/,tag,,,200,/archivio-storico
https://www.elbrenz.eu/tag/cultura/,tag,,,200,/archivio-storico
https://www.elbrenz.eu/tag/documentario/,tag,,,200,/archivio-storico
https://www.elbrenz.eu/tag/el-brenz/,tag,,,200,/archivio-storico
https://www.elbrenz.eu/tag/euregio-tirolo/,tag,,,200,/archivio-storico
https://www.elbrenz.eu/tag/europaregion-tirol/,tag,,,200,/archivio-storico
https://www.elbrenz.eu/tag/festa/,tag,,,200,/archivio-storico
https://www.elbrenz.eu/tag/festival/,tag,,,200,/archivio-storico
https://www.elbrenz.eu/tag/fucina-marinelli/,tag,,,200,/archivio-storico
https://www.elbrenz.eu/tag/giovani/,tag,,,200,/archivio-storico
https://www.elbrenz.eu/tag/gioventu/,tag,,,200,/archivio-storico
https://www.elbrenz.eu/tag/ladin/,tag,,,200,/archivio-storico
https://www.elbrenz.eu/tag/ladinita/,tag,,,200,/archivio-storico
https://www.elbrenz.eu/tag/ladino-anaunico/,tag,,,200,/archivio-storico
https://www.elbrenz.eu/tag/ladino/,tag,,,200,/archivio-storico
https://www.elbrenz.eu/tag/lingua/,tag,,,200,/archivio-storico
https://www.elbrenz.eu/tag/minoranze-linguistiche/,tag,,,200,/archivio-storico
https://www.elbrenz.eu/tag/mulino-ruatti/,tag,,,200,/archivio-storico
https://www.elbrenz.eu/tag/museo-della-civilta-solandra/,tag,,,200,/archivio-storico
https://www.elbrenz.eu/tag/museo-retico/,tag,,,200,/archivio-storico
https://www.elbrenz.eu/tag/musica/,tag,,,200,/archivio-storico
https://www.elbrenz.eu/tag/musicale/,tag,,,200,/archivio-storico
https://www.elbrenz.eu/tag/nones/,tag,,,200,/archivio-storico
https://www.elbrenz.eu/tag/p-a-t/,tag,,,200,/archivio-storico
https://www.elbrenz.eu/tag/paolo-antonioni/,tag,,,200,/archivio-storico
https://www.elbrenz.eu/tag/pat/,tag,,,200,/archivio-storico
https://www.elbrenz.eu/tag/pegaes/,tag,,,200,/archivio-storico
https://www.elbrenz.eu/tag/poesia/,tag,,,200,/archivio-storico
https://www.elbrenz.eu/tag/rabies/,tag,,,200,/archivio-storico
https://www.elbrenz.eu/tag/reto-romanzo/,tag,,,200,/archivio-storico
https://www.elbrenz.eu/tag/retoromanzo/,tag,,,200,/archivio-storico
https://www.elbrenz.eu/tag/rezia/,tag,,,200,/archivio-storico
https://www.elbrenz.eu/tag/rock/,tag,,,200,/archivio-storico
https://www.elbrenz.eu/tag/solander/,tag,,,200,/archivio-storico
https://www.elbrenz.eu/tag/storia/,tag,,,200,/archivio-storico
https://www.elbrenz.eu/tag/tirol/,tag,,,200,/archivio-storico
https://www.elbrenz.eu/tag/trentino/,tag,,,200,/archivio-storico
https://www.elbrenz.eu/tag/val-di-non/,tag,,,200,/archivio-storico
https://www.elbrenz.eu/tag/val-di-peio/,tag,,,200,/archivio-storico
https://www.elbrenz.eu/tag/val-di-pejo/,tag,,,200,/archivio-storico
https://www.elbrenz.eu/tag/val-di-rabbi/,tag,,,200,/archivio-storico
https://www.elbrenz.eu/tag/val-di-sole/,tag,,,200,/archivio-storico
https://www.elbrenz.eu/tag/valli-del-noce/,tag,,,200,/archivio-storico
https://www.elbrenz.eu/.well-known/ai-plugin.json,wordpress-interno,,,404,
https://www.elbrenz.eu/.well-known/nodeinfo,wordpress-interno,,,404,
https://www.elbrenz.eu/wp-admin/,wordpress-interno,,,200,/
https://www.elbrenz.eu/wp-content/gallery/commemorazione-del-beato-carlo-dasburgo-9-settembre-male/image037.jpg,wordpress-interno,,,404,
https://www.elbrenz.eu/wp-content/plugins/contact-form-7/includes/js/jquery.form.min.js?ver=ef2de426bd0f4a99807b87a8af41cea6-2014.06.20,wordpress-interno,,,404,
https://www.elbrenz.eu/wp-content/plugins/jetpack/modules/gplus-authorship/style.css?ver=4.0,wordpress-interno,,,404,
https://www.elbrenz.eu/wp-content/plugins/login-with-ajax/widget/modal/close.png,wordpress-interno,,,404,
https://www.elbrenz.eu/wp-content/plugins/nextgen-gallery/products/photocrati_nextgen/modules/ajax/static/ajax.js?ver=4.1.1,wordpress-interno,,,404,
https://www.elbrenz.eu/wp-content/plugins/nextgen-gallery/products/photocrati_nextgen/modules/ajax/static/ngg_store.js?ver=4.0,wordpress-interno,,,404,
https://www.elbrenz.eu/wp-content/plugins/nextgen-gallery/products/photocrati_nextgen/modules/ajax/static/ngg_store.js?ver=4.1.1,wordpress-interno,,,404,
https://www.elbrenz.eu/wp-content/plugins/nextgen-gallery/products/photocrati_nextgen/modules/ajax/static/persist.js?ver=4.0,wordpress-interno,,,404,
https://www.elbrenz.eu/wp-content/plugins/nextgen-gallery/products/photocrati_nextgen/modules/ajax/static/persist.js?ver=4.1.1,wordpress-interno,,,404,
https://www.elbrenz.eu/wp-content/plugins/nextgen-gallery/products/photocrati_nextgen/modules/ajax/static/store.js?ver=4.0,wordpress-interno,,,404,
https://www.elbrenz.eu/wp-content/plugins/nextgen-gallery/products/photocrati_nextgen/modules/ajax/static/store.js?ver=4.1.1,wordpress-interno,,,404,
https://www.elbrenz.eu/wp-content/themes/agama-pro/assets/img/blank.gif,wordpress-interno,,,404,
https://www.elbrenz.eu/wp-content/themes/agama-pro/assets/img/patterns/overlay1.png,wordpress-interno,,,404,
https://www.elbrenz.eu/wp-content/themes/agama-pro/assets/img/patterns/overlay10.png,wordpress-interno,,,404,
https://www.elbrenz.eu/wp-content/themes/agama-pro/assets/img/patterns/overlay2.png,wordpress-interno,,,404,
https://www.elbrenz.eu/wp-content/themes/agama-pro/assets/img/patterns/overlay3.png,wordpress-interno,,,404,
https://www.elbrenz.eu/wp-content/themes/agama-pro/assets/img/patterns/overlay4.png,wordpress-interno,,,404,
https://www.elbrenz.eu/wp-content/themes/agama-pro/assets/img/patterns/overlay5.png,wordpress-interno,,,404,
https://www.elbrenz.eu/wp-content/themes/agama-pro/assets/img/patterns/overlay6.png,wordpress-interno,,,404,
https://www.elbrenz.eu/wp-content/themes/agama-pro/assets/img/patterns/overlay7.png,wordpress-interno,,,404,
https://www.elbrenz.eu/wp-content/themes/agama-pro/assets/img/patterns/overlay8.png,wordpress-interno,,,404,
https://www.elbrenz.eu/wp-content/themes/agama-pro/assets/img/patterns/overlay9.png,wordpress-interno,,,404,
https://www.elbrenz.eu/wp-content/themes/agama-pro/images/icons/iconalt.svg,wordpress-interno,,,404,
https://www.elbrenz.eu/wp-content/themes/graphene/js/jquery.tools.min.js?ver=ef2de426bd0f4a99807b87a8af41cea6,wordpress-interno,,,404,
https://www.elbrenz.eu/wp-content/themes/img/grid.png,wordpress-interno,,,404,
https://www.elbrenz.eu/wp-content/themes/img/icons/dotted.png,wordpress-interno,,,404,
https://www.elbrenz.eu/wp-content/themes/img/icons/iconalt.svg,wordpress-interno,,,404,
https://www.elbrenz.eu/wp-content/themes/img/icons/play.png,wordpress-interno,,,404,
https://www.elbrenz.eu/wp-content/themes/img/preloader.gif,wordpress-interno,,,404,
https://www.elbrenz.eu/wp-content/uploads/2013/09/Le-donne-internate-in-Italia-durante-la-Grande-Guerra.pdf,wordpress-interno,,,400,
https://www.elbrenz.eu/wp-content/uploads/2017/04/eTNoDepliant.pdf,wordpress-interno,,,400,
https://www.elbrenz.eu/wp-content/uploads/2017/04/eTNoDepliantWeb.pdf,wordpress-interno,,,400,
https://www.elbrenz.eu/wp-content/uploads/2021/12/CENSIMENTO-LINGUISTICO-2021.pdf,wordpress-interno,,,200,https://wacknihvdjxltiqvxtqr.supabase.co/storage/v1/object/public/wp-media/uploads/2021/12/CENSIMENTO-LINGUISTICO-2021.pdf
https://www.elbrenz.eu/wp-content/uploads/2021/12/EL-NOS-NONES-LE-LADIN.pdf,wordpress-interno,,,200,https://wacknihvdjxltiqvxtqr.supabase.co/storage/v1/object/public/wp-media/uploads/2021/12/EL-NOS-NONES-LE-LADIN.pdf
https://www.elbrenz.eu/wp-content/uploads/2021/12/PRESENTAZIONE-SERATA-LADINITA.pdf,wordpress-interno,,,200,https://wacknihvdjxltiqvxtqr.supabase.co/storage/v1/object/public/wp-media/uploads/2021/12/PRESENTAZIONE-SERATA-LADINITA.pdf
https://www.elbrenz.eu/wp-content/uploads/2021/12/ULTIMO_doppia_Xcontrollo__2021-2.pdf.pdf,wordpress-interno,,,200,https://wacknihvdjxltiqvxtqr.supabase.co/storage/v1/object/public/wp-media/uploads/2021/12/ULTIMO_doppia_Xcontrollo__2021-2.pdf.pdf
https://www.elbrenz.eu/wp-content/uploads/2025/08/ddl_1539__Riconoscimento_gruppo_linguistico_ladino_retico_Val_di_Non1.pdf,wordpress-interno,,,200,https://wacknihvdjxltiqvxtqr.supabase.co/storage/v1/object/public/wp-media/uploads/2025/08/ddl_1539__Riconoscimento_gruppo_linguistico_ladino_retico_Val_di_Non1.pdf
https://www.elbrenz.eu/wp-json/oembed/1.0/embed?url=http%3A%2F%2Fwww.elbrenz.eu%2F2014%2F03%2Fstorie-emigrati-guerrieri-dalla-val-rabbi%2F&format=xml,wordpress-interno,,,404,
https://www.elbrenz.eu/wp-json/oembed/1.0/embed?url=https%3A%2F%2Fwww.elbrenz.eu%2F2013%2F09%2F1774-il-regolamento-scolastico-generale-maria-teresa-daustria%2F&format=xml,wordpress-interno,,,404,
https://www.elbrenz.eu/wp-json/oembed/1.0/embed?url=https%3A%2F%2Fwww.elbrenz.eu%2F2013%2F09%2F1774-il-regolamento-scolastico-generale-maria-teresa-daustria%2Ffelbiger-2%2F&format=xml,wordpress-interno,,,404,
https://www.elbrenz.eu/wp-json/oembed/1.0/embed?url=https%3A%2F%2Fwww.elbrenz.eu%2F2013%2F09%2F1774-il-regolamento-scolastico-generale-maria-teresa-daustria%2Fiii_et-moderna-p232_img_158-2%2F&format=xml,wordpress-interno,,,404,
https://www.elbrenz.eu/wp-json/oembed/1.0/embed?url=https%3A%2F%2Fwww.elbrenz.eu%2F2013%2F09%2F1774-il-regolamento-scolastico-generale-maria-teresa-daustria%2Fiii_et-moderna-p232_img_159%2F&format=xml,wordpress-interno,,,404,
https://www.elbrenz.eu/wp-json/oembed/1.0/embed?url=https%3A%2F%2Fwww.elbrenz.eu%2F2013%2F09%2Fexpolingua-berlin%2F&format=xml,wordpress-interno,,,404,
https://www.elbrenz.eu/wp-json/oembed/1.0/embed?url=https%3A%2F%2Fwww.elbrenz.eu%2F2013%2F10%2Fil-torggelen-nella-val-disarco%2F&format=xml,wordpress-interno,,,404,
https://www.elbrenz.eu/wp-json/oembed/1.0/embed?url=https%3A%2F%2Fwww.elbrenz.eu%2Fconcorso-os-dal-nos%2F&format=xml,wordpress-interno,,,404,
https://www.elbrenz.eu/wp-json/oembed/1.0/embed?url=https%3A%2F%2Fwww.elbrenz.eu%2Fconcorso-os-dal-nos%2Fos-dal-nos-1-edizione-2014%2F&format=xml,wordpress-interno,,,404,
https://www.elbrenz.eu/wp-json/oembed/1.0/embed?url=https%3A%2F%2Fwww.elbrenz.eu%2Fconcorso-os-dal-nos%2Fos-dal-nos-2-edizione-2015%2F&format=xml,wordpress-interno,,,404,
https://www.elbrenz.eu/wp-json/oembed/1.0/embed?url=https%3A%2F%2Fwww.elbrenz.eu%2Fconcorso-os-dal-nos%2Fos-dal-nos-3-edizione-2016%2F&format=xml,wordpress-interno,,,404,
https://www.elbrenz.eu/wp-json/oembed/1.0/embed?url=https%3A%2F%2Fwww.elbrenz.eu%2Fconcorso-os-dal-nos%2Fos-dal-nos-4-edizione-2017%2F&format=xml,wordpress-interno,,,404,
https://www.elbrenz.eu/wp-json/oembed/1.0/embed?url=https%3A%2F%2Fwww.elbrenz.eu%2Fconcorso-os-dal-nos%2Fos-dal-nos-5-edizione-2018%2F&format=xml,wordpress-interno,,,404,
https://www.elbrenz.eu/wp-json/oembed/1.0/embed?url=https%3A%2F%2Fwww.elbrenz.eu%2Fconcorso-os-dal-nos%2Fos-dal-nos-6-edizione-2019%2F&format=xml,wordpress-interno,,,404,
https://www.elbrenz.eu/wp-json/oembed/1.0/embed?url=https%3A%2F%2Fwww.elbrenz.eu%2Flassociazione-2%2F&format=xml,wordpress-interno,,,404,
https://www.elbrenz.eu/wp-json/oembed/1.0/embed?url=https%3A%2F%2Fwww.elbrenz.eu%2Flassociazione-2%2Fcontatti%2F&format=xml,wordpress-interno,,,404,
https://www.elbrenz.eu/wp-json/oembed/1.0/embed?url=https%3A%2F%2Fwww.elbrenz.eu%2Fphotogallery%2F&format=xml,wordpress-interno,,,404,
https://www.elbrenz.eu/wp-json/oembed/1.0/embed?url=https%3A%2F%2Fwww.elbrenz.eu%2Fphotogallery%2Fanno-2012%2Fpresepio-el-brenz-natale-2012-male%2F&format=xml,wordpress-interno,,,404,
https://www.elbrenz.eu/wp-json/oembed/1.0/embed?url=https%3A%2F%2Fwww.elbrenz.eu%2Fphotogallery%2Fanno-2013%2Fla-nossa-storia-n-piaza-21-luglio-male%2F&format=xml,wordpress-interno,,,404,
https://www.elbrenz.eu/wp-json/oembed/1.0/embed?url=https%3A%2F%2Fwww.elbrenz.eu%2Fprogetti%2F&format=xml,wordpress-interno,,,404,
https://www.elbrenz.eu/wp-json/oembed/1.0/embed?url=https%3A%2F%2Fwww.elbrenz.eu%2Fprogetti%2Fconcorso-musicale-e-poetico-os-dal-nos%2F&format=xml,wordpress-interno,,,404,
https://www.elbrenz.eu/wp-json/oembed/1.0/embed?url=https%3A%2F%2Fwww.elbrenz.eu%2Fprogetti%2Fdocumentario-ladinita-nonesa-e-solandra-cultura-e-lingua%2F&format=xml,wordpress-interno,,,404,
https://www.elbrenz.eu/wp-json/oembed/1.0/embed?url=https%3A%2F%2Fwww.elbrenz.eu%2Fprogetti%2Flunari-dal-nos%2F&format=xml,wordpress-interno,,,404,
https://www.elbrenz.eu/wp-json/oembed/1.0/embed?url=https%3A%2F%2Fwww.elbrenz.eu%2Fprogetti%2Fportale-memoria%2F&format=xml,wordpress-interno,,,404,
https://www.elbrenz.eu/wp-json/oembed/1.0/embed?url=https%3A%2F%2Fwww.elbrenz.eu%2Fsostenitori%2F&format=xml,wordpress-interno,,,404,
https://www.elbrenz.eu/wp-login.php,wordpress-interno,,,200,/
https://www.elbrenz.eu/wp-login.php?action=lostpassword,wordpress-interno,,,200,/?action=lostpassword
https://www.elbrenz.eu/wp-login.php?redirect_to=https%3A%2F%2Fwww.elbrenz.eu%2Fwp-admin%2F&reauth=1,wordpress-interno,,,200,/?redirect_to=https%3A%2F%2Fwww.elbrenz.eu%2Fwp-admin%2F&reauth=1
https://www.elbrenz.eu/xmlrpc.php?rsd,wordpress-interno,,,404,
